Symbol,Date,Open,Close,Volume
WNLBP,2025-10-08,1138.0,1138.0,2904
JBBLPO,2025-10-08,187.0,187.0,21821
JFL,2025-10-08,440.1,440.0,8130
JOSHI,2025-10-08,301.0,299.0,16495
JSLBB,2025-10-08,1190.7,1170.0,1192
KBL,2025-10-08,189.9,187.3,292841
KBLD89,2025-10-08,1230.0,1244.0,38
KBSH,2025-10-08,1810.3,1835.5,639
KDBY,2025-10-08,9.07,9.07,3780
KDL,2025-10-08,949.0,939.0,2132
KEF,2025-10-08,8.9,8.92,6070
KKHC,2025-10-08,238.1,233.0,14480
KMCDB,2025-10-08,1035.0,1009.0,4014
KPCL,2025-10-08,566.0,571.0,242182
KSBBL,2025-10-08,444.0,436.0,47258
KSBBLD87,2025-10-08,1120.0,1120.0,30
KSY,2025-10-08,9.09,8.94,1600
LBBL,2025-10-08,494.7,466.0,214608
LBBLD89,2025-10-08,1213.0,1213.0,79
JBLB,2025-10-08,1424.0,1406.0,7009
JBBL,2025-10-08,323.0,316.3,35821
LEC,2025-10-08,204.0,199.5,147307
JBBD87,2025-10-08,1115.0,1120.0,40
HEIP,2025-10-08,356.0,346.1,6040
HHL,2025-10-08,344.0,337.0,33472
HIDCL,2025-10-08,266.5,264.7,145358
HIDCLP,2025-10-08,188.0,180.0,395498
HIMSTAR,2025-10-08,645.0,625.0,28090
HLBSL,2025-10-08,960.0,930.0,4607
HLI,2025-10-08,379.0,375.0,59669
HPPL,2025-10-08,450.0,439.0,75720
HRL,2025-10-08,837.5,804.0,219914
HURJA,2025-10-08,224.0,215.5,69271
ICFC,2025-10-08,645.0,632.5,11220
ICFCD83,2025-10-08,1170.0,1160.0,452
ICFCD88,2025-10-08,1110.0,1110.0,25
IGI,2025-10-08,430.0,425.0,24036
IHL,2025-10-08,550.0,542.7,7054
ILBS,2025-10-08,1175.1,1158.0,5994
ILI,2025-10-08,434.0,433.4,24312
LBLD88,2025-10-08,1045.1,1066.0,7
LICN,2025-10-08,825.0,815.0,5996
HDL,2025-10-08,1375.9,1340.0,91435
MKCL,2025-10-08,1510.0,1485.0,4429
MKHL,2025-10-08,731.0,730.0,2757
MKJC,2025-10-08,607.6,590.0,78884
MLBBL,2025-10-08,1495.0,1467.0,880
MLBL,2025-10-08,385.0,379.9,28830
MLBS,2025-10-08,1538.6,1491.0,1043
MLBSL,2025-10-08,2148.0,2107.9,329
MMF1,2025-10-08,8.8,8.8,5000
MMKJL,2025-10-08,622.0,615.0,19137
MNBBL,2025-10-08,460.0,442.5,272379
MNMF1,2025-10-08,9.0,9.1,14150
MPFL,2025-10-08,550.0,548.8,24595
MSHL,2025-10-08,912.4,912.0,7171
MSLB,2025-10-08,1402.0,1387.0,5349
NABBC,2025-10-08,738.0,754.0,40429
NABIL,2025-10-08,523.0,514.0,78401
NABILD87,2025-10-08,1128.0,1111.0,65
NADEP,2025-10-08,785.0,767.0,2562
MKHC,2025-10-08,386.9,379.0,8412
MHNL,2025-10-08,247.0,243.1,11327
LLBS,2025-10-08,960.0,958.0,1059
MHL,2025-10-08,480.0,470.0,26914
LSL,2025-10-08,225.1,219.6,177356
LUK,2025-10-08,9.52,9.38,3600
LVF2,2025-10-08,9.3,9.2,12565
MAKAR,2025-10-08,612.0,585.0,3503
MANDU,2025-10-08,835.0,832.3,2096
MATRI,2025-10-08,1015.0,974.9,1279
MBJC,2025-10-08,298.1,287.0,40957
MBL,2025-10-08,216.0,218.0,55779
MBLEF,2025-10-08,8.9,8.92,1100
MCHL,2025-10-08,503.8,504.9,4239
MDB,2025-10-08,584.0,585.0,31713
MEHL,2025-10-08,423.0,414.9,9655
MEL,2025-10-08,287.0,284.0,13471
MEN,2025-10-08,625.0,616.0,67893
MERO,2025-10-08,786.1,772.3,11635
MFIL,2025-10-08,641.0,615.0,25982
MHCL,2025-10-08,411.1,405.4,13109
HEI,2025-10-08,510.7,504.8,15821
HDHPC,2025-10-08,179.6,175.0,157778
NBF2,2025-10-08,9.42,9.5,8377
BNHC,2025-10-08,492.0,468.0,18014
BOKD86,2025-10-08,1075.0,1071.0,150
BPCL,2025-10-08,707.6,700.0,127998
C30MF,2025-10-08,9.33,9.15,5970
CBBL,2025-10-08,1000.1,994.0,43950
CBLD88,2025-10-08,1216.0,1201.0,125
CCBD88,2025-10-08,1229.0,1229.0,25
CFCL,2025-10-08,482.0,479.0,5205
CGH,2025-10-08,885.0,860.0,23921
CHCL,2025-10-08,496.0,490.0,51264
CHDC,2025-10-08,2236.0,2175.0,54883
CHL,2025-10-08,260.0,249.9,53399
CIT,2025-10-08,1887.1,1865.0,11832
CITY,2025-10-08,555.3,537.0,10516
CKHL,2025-10-08,637.0,606.0,3080
CLI,2025-10-08,450.0,448.0,28417
CMF2,2025-10-08,9.27,9.18,19500
CORBL,2025-10-08,1850.0,1800.0,6048
BNT,2025-10-08,11111.1,10912.0,200
BHPL,2025-10-08,737.2,692.2,980
CYCL,2025-10-08,1590.0,1585.9,4459
BHL,2025-10-08,188.9,181.0,228636
ADBL,2025-10-08,315.0,312.4,43145
AHL,2025-10-08,621.0,632.0,11085
AHPC,2025-10-08,290.0,281.6,241869
AKJCL,2025-10-08,194.0,189.0,77625
AKPL,2025-10-08,254.0,247.6,150938
ALBSL,2025-10-08,1017.3,1000.0,13754
ALICL,2025-10-08,460.0,454.0,4899
ANLB,2025-10-08,6081.9,6580.0,609
API,2025-10-08,285.0,280.0,155349
AVYAN,2025-10-08,980.0,975.0,4926
BARUN,2025-10-08,333.0,316.0,48533
BBC,2025-10-08,4825.0,4886.0,860
BEDC,2025-10-08,654.0,644.0,11670
BFC,2025-10-08,466.0,444.0,17276
BGWT,2025-10-08,830.0,820.0,7909
BHCL,2025-10-08,444.9,432.0,32690
BHDC,2025-10-08,587.5,560.0,55699
CREST,2025-10-08,1040.0,1025.5,9461
CZBIL,2025-10-08,209.0,205.5,71981
HBLD86,2025-10-08,1150.0,1150.0,45
GBLBS,2025-10-08,740.0,730.0,4654
GFCL,2025-10-08,615.1,600.1,16301
GHL,2025-10-08,219.0,212.0,93003
GIBF1,2025-10-08,9.91,10.0,88399
GILB,2025-10-08,1192.0,1181.0,3841
GLBSL,2025-10-08,2141.1,2180.0,2884
GLH,2025-10-08,264.0,259.0,44732
GMFBS,2025-10-08,1533.0,1592.0,1839
GMFIL,2025-10-08,460.0,446.0,11471
GMLI,2025-10-08,1950.0,1949.9,1967
GRDBL,2025-10-08,1050.0,1038.0,18033
GSY,2025-10-08,9.01,9.05,12485
GUFL,2025-10-08,484.5,480.0,9945
GVL,2025-10-08,524.0,501.0,36194
GWFD83,2025-10-08,1200.0,1204.0,5
H8020,2025-10-08,10.45,10.27,24358
HATHY,2025-10-08,970.0,955.0,15829
HBL,2025-10-08,200.0,198.0,53301
GCIL,2025-10-08,448.0,447.8,26042
GBIMESY2,2025-10-08,9.25,9.25,800
DDBL,2025-10-08,846.0,849.0,8080
GBIME,2025-10-08,249.7,241.0,119238
DHPL,2025-10-08,286.3,288.0,6685
DLBS,2025-10-08,1350.0,1345.0,899
DOLTI,2025-10-08,550.0,530.0,9801
DORDI,2025-10-08,233.0,228.0,86356
EBL,2025-10-08,720.0,710.6,79337
EBLD85,2025-10-08,1165.0,1165.0,90
EBLD86,2025-10-08,1085.1,1084.0,375
EBLD91,2025-10-08,1054.0,1070.1,1260
EDBL,2025-10-08,608.9,589.9,21186
EHPL,2025-10-08,508.0,507.8,2727
ENL,2025-10-08,950.6,984.0,1316
FMDBL,2025-10-08,818.4,784.0,36502
FOWAD,2025-10-08,1091.0,1071.0,4462
GBBD85,2025-10-08,1085.0,1085.0,50
GBBL,2025-10-08,421.0,417.1,48034
GBILD84/85,2025-10-08,1195.0,1195.0,100
GBILD86/87,2025-10-08,1100.1,1100.1,30
NBBD2085,2025-10-08,1175.0,1151.4,15
NBF3,2025-10-08,9.13,9.01,60449
SAMAJ,2025-10-08,2799.9,2787.6,1803
SIGS2,2025-10-08,9.61,9.61,3000
SHEL,2025-10-08,290.9,279.7,248545
SHINE,2025-10-08,410.0,408.0,32411
SHIVM,2025-10-08,585.0,583.9,226496
SHL,2025-10-08,515.2,505.7,56489
SHLB,2025-10-08,1840.0,1800.0,770
SHPC,2025-10-08,517.0,500.0,161809
SICL,2025-10-08,650.0,638.0,9628
SIFC,2025-10-08,504.0,496.9,12015
SIGS3,2025-10-08,9.31,9.1,43600
NBL,2025-10-08,246.0,249.0,51462
SIKLES,2025-10-08,710.0,688.0,29087
SINDU,2025-10-08,733.3,703.0,18453
SJCL,2025-10-08,290.0,291.9,8587
SJLIC,2025-10-08,420.0,412.0,26854
SKBBL,2025-10-08,908.8,870.0,28204
SLBBL,2025-10-08,904.0,871.5,16924
SLBSL,2025-10-08,1425.9,1395.0,8770
SLCF,2025-10-08,9.49,9.4,3000
SGIC,2025-10-08,490.0,481.5,36742
SGHC,2025-10-08,333.0,325.0,7079
SFMF,2025-10-08,9.76,9.76,2100
SFEF,2025-10-08,9.2,9.03,35560
SANIMA,2025-10-08,323.1,320.0,98435
SANVI,2025-10-08,604.0,594.0,18071
SAPDBL,2025-10-08,831.9,805.0,40109
SARBTM,2025-10-08,865.0,845.0,58720
SBCF,2025-10-08,9.1,8.92,52500
SBI,2025-10-08,384.0,379.5,17904
SBID89,2025-10-08,1142.4,1122.0,620
SBL,2025-10-08,350.0,353.0,141815
SBLD2082,2025-10-08,1107.0,1107.0,50
SBLD2091,2025-10-08,1050.0,1047.0,150
SBLD83,2025-10-08,1078.1,1099.6,100
SBLD89,2025-10-08,1225.0,1225.0,25
SCB,2025-10-08,620.0,620.0,19576
SCBD,2025-10-08,1200.0,1200.0,25
SDBD87,2025-10-08,1090.5,1145.0,394
SEF,2025-10-08,9.21,9.17,51077
SFCL,2025-10-08,420.0,408.0,11721
SMATA,2025-10-08,903.0,927.0,20163
SMB,2025-10-08,2310.3,2194.0,765
SMFBS,2025-10-08,1704.0,1677.0,1357
TTL,2025-10-08,731.0,716.0,18666
UAIL,2025-10-08,470.0,453.8,28806
UHEWA,2025-10-08,579.0,556.0,16405
ULBSL,2025-10-08,3497.7,3496.0,826
ULHC,2025-10-08,465.0,458.0,8448
UMHL,2025-10-08,548.8,522.0,268378
UMRH,2025-10-08,570.0,564.0,5635
UNHPL,2025-10-08,515.0,500.0,483048
UNL,2025-10-08,48300.0,48150.0,145
UNLB,2025-10-08,2057.1,2016.0,436
UPCL,2025-10-08,375.0,362.0,233334
UPPER,2025-10-08,185.5,182.3,111802
USHEC,2025-10-08,472.0,465.0,17627
USHL,2025-10-08,728.0,724.0,3444
USLB,2025-10-08,1855.0,1831.0,11485
VLBS,2025-10-08,784.4,803.0,2066
VLUCL,2025-10-08,585.0,573.2,7951
WNLB,2025-10-08,2010.0,2120.0,565
TVCL,2025-10-08,447.0,440.9,5374
TSHL,2025-10-08,823.2,880.0,59371
SMH,2025-10-08,833.0,834.8,468
TRH,2025-10-08,835.0,819.0,3029
SMHL,2025-10-08,859.6,820.0,11152
SMJC,2025-10-08,529.2,519.0,10598
SMPDA,2025-10-08,888.0,890.0,6246
SNLI,2025-10-08,446.0,440.0,18963
SONA,2025-10-08,430.0,421.2,42345
SPC,2025-10-08,494.0,476.9,17195
SPDL,2025-10-08,416.0,420.0,535359
SPHL,2025-10-08,537.1,518.0,7355
SPIL,2025-10-08,726.0,692.4,8542
SPL,2025-10-08,913.1,901.0,2168
SRLI,2025-10-08,388.0,377.5,22415
SSHL,2025-10-08,176.0,173.8,36774
STC,2025-10-08,5290.0,5278.0,1541
SWBBL,2025-10-08,815.0,800.0,11350
SWMF,2025-10-08,705.0,690.5,3510
TAMOR,2025-10-08,480.0,467.3,11422
TPC,2025-10-08,326.0,316.9,57959
SAND2085,2025-10-08,1120.0,1120.0,200
ACLBSL,2025-10-08,1008.1,1008.0,2668
SALICO,2025-10-08,615.0,612.0,14063
NIL,2025-10-08,605.0,588.0,14718
NIMB,2025-10-08,207.9,203.9,82328
NIMBD90,2025-10-08,1152.0,1227.0,665
NIMBPO,2025-10-08,162.2,166.0,12200
NLG,2025-10-08,685.0,689.9,28990
NLIC,2025-10-08,770.0,758.3,35956
NLICL,2025-10-08,585.0,578.0,28733
NMB,2025-10-08,240.2,238.1,88717
NMB50,2025-10-08,10.14,10.0,51400
NMBD2085,2025-10-08,1107.6,1107.5,35
NMBD87/88,2025-10-08,1115.0,1115.0,100
NMBHF2,2025-10-08,8.91,9.09,31858
NMBMF,2025-10-08,674.1,670.0,3220
NMFBS,2025-10-08,1253.0,1221.3,5822
NMIC,2025-10-08,1108.0,1100.0,7672
NMLBBL,2025-10-08,633.1,623.0,15952
NRIC,2025-10-08,1345.0,1307.0,201198
NRM,2025-10-08,423.0,419.8,43945
NILPO,2025-10-08,436.0,436.0,600000
NIFRAGED,2025-10-08,1020.0,1020.0,50
NSIF2,2025-10-08,9.95,10.01,35600
NIFRA,2025-10-08,268.5,260.0,334577
NBLD82,2025-10-08,1068.1,1067.8,58
NESDO,2025-10-08,1495.0,1524.9,891
NFS,2025-10-08,631.1,626.0,22957
NGPL,2025-10-08,386.1,380.0,333945
NHDL,2025-10-08,671.0,676.0,3534
NHPC,2025-10-08,200.0,194.0,61163
NIBLGF,2025-10-08,8.65,8.7,2200
NIBLSTF,2025-10-08,8.55,8.42,15766
NIBSF2,2025-10-08,8.75,8.6,6770
NICA,2025-10-08,331.5,321.0,81048
NICAD2091,2025-10-08,1050.0,1051.0,310
NICBF,2025-10-08,9.2,8.85,12355
NICFC,2025-10-08,9.02,9.0,37605
NICGF2,2025-10-08,8.62,8.62,1100
NICL,2025-10-08,525.0,519.0,13640
NICLBSL,2025-10-08,557.0,560.0,5376
NICSF,2025-10-08,9.01,9.01,400
NRN,2025-10-08,1840.0,1800.0,102875
NTC,2025-10-08,848.0,839.0,13672
SAHAS,2025-10-08,636.0,620.1,150530
PURE,2025-10-08,760.0,766.0,8835
RAWA,2025-10-08,725.0,729.0,898
RBBD83,2025-10-08,1060.0,1060.0,26
RBCL,2025-10-08,15000.0,14870.0,387
RBCLPO,2025-10-08,12260.8,12122.0,185
RFPL,2025-10-08,343.0,331.0,20070
RHGCL,2025-10-08,254.5,239.0,61133
RHPL,2025-10-08,277.0,270.1,55103
RIDI,2025-10-08,231.0,224.0,76751
RLFL,2025-10-08,450.0,428.5,21747
RMF1,2025-10-08,9.13,8.8,50269
RMF2,2025-10-08,9.0,9.0,8699
RNLI,2025-10-08,451.0,448.8,29176
RSDC,2025-10-08,625.0,614.0,15532
RSY,2025-10-08,9.1,8.88,17100
RURU,2025-10-08,736.0,724.9,9919
SADBL,2025-10-08,417.0,405.4,60695
SAGF,2025-10-08,9.4,9.41,200
RADHI,2025-10-08,723.1,690.0,127352
PSF,2025-10-08,10.39,10.39,96100
NUBL,2025-10-08,745.2,745.0,9153
PRVU,2025-10-08,206.0,203.0,202463
NWCL,2025-10-08,818.5,809.5,1512
NYADI,2025-10-08,393.1,400.0,5805
OHL,2025-10-08,703.0,680.0,10654
OMPL,2025-10-08,1154.0,1139.0,7720
PBD88,2025-10-08,1187.0,1167.0,50
PBLD87,2025-10-08,1111.0,1111.0,25
PCBL,2025-10-08,244.9,240.0,106173
PCBLP,2025-10-08,104.0,104.0,8788
PFL,2025-10-08,401.0,382.1,10881
PHCL,2025-10-08,390.0,376.2,32510
PMHPL,2025-10-08,312.0,301.0,31540
PMLI,2025-10-08,480.0,479.0,13333
PPCL,2025-10-08,314.0,301.9,15852
PPL,2025-10-08,297.0,294.0,16441
PRIN,2025-10-08,675.0,644.0,12739
PROFL,2025-10-08,476.0,460.0,20318
PRSF,2025-10-08,10.0,9.95,198720
LICN,2025-10-07,848.0,833.9,2612
WNLB,2025-10-07,2100.0,2045.0,452
NABBC,2025-10-07,768.4,753.0,58839
HATHY,2025-10-07,1005.0,983.0,3665
BHCL,2025-10-07,459.0,444.9,34673
GBIMESY2,2025-10-07,9.6,9.07,4050
CORBL,2025-10-07,1933.6,1885.0,2472
AHPC,2025-10-07,295.6,288.0,163794
CREST,2025-10-07,1064.0,1040.0,8295
AHL,2025-10-07,648.8,632.8,7932
AKJCL,2025-10-07,195.0,192.9,48204
AKPL,2025-10-07,255.0,252.9,158356
ALBSL,2025-10-07,1044.0,1038.0,11705
ALICL,2025-10-07,473.0,466.4,20718
API,2025-10-07,295.0,285.5,87576
BHDC,2025-10-07,571.4,576.0,79144
AVYAN,2025-10-07,1007.0,999.0,2783
BARUN,2025-10-07,331.0,326.5,27398
BBC,2025-10-07,5000.0,4908.0,823
BEDC,2025-10-07,700.7,643.5,48660
BFC,2025-10-07,471.0,459.8,8435
CLI,2025-10-07,463.0,455.1,14749
BNHC,2025-10-07,496.7,482.4,6939
CIZBD90,2025-10-07,1130.1,1130.1,25
CIZBD86,2025-10-07,1124.0,1177.0,182
BHL,2025-10-07,190.0,189.0,133187
CKHL,2025-10-07,651.0,625.0,5862
GBLBS,2025-10-07,758.0,740.0,6095
BHPL,2025-10-07,733.0,722.8,1131
ADBL,2025-10-07,320.0,316.9,35362
ANLB,2025-10-07,6100.0,6206.0,313
C30MF,2025-10-07,9.15,9.33,2485
CBBL,2025-10-07,1035.0,1010.0,31517
CBLD88,2025-10-07,1240.0,1240.0,1150
CCBD88,2025-10-07,1140.0,1254.0,673
CFCL,2025-10-07,491.1,490.0,5348
CGH,2025-10-07,917.8,868.1,36060
CHCL,2025-10-07,505.0,497.3,22538
CHDC,2025-10-07,2360.0,2270.0,31880
CHL,2025-10-07,267.6,255.0,60653
CIT,2025-10-07,1896.3,1887.1,6238
CITY,2025-10-07,580.0,566.2,7329
BGWT,2025-10-07,841.8,839.0,17387
GCIL,2025-10-07,464.0,448.7,26188
SHIVM,2025-10-07,591.0,588.0,209804
BPCL,2025-10-07,778.2,722.0,120205
NADEP,2025-10-07,815.0,800.0,1370
BNT,2025-10-07,11526.0,11330.0,160
SAGF,2025-10-07,9.6,9.5,800
DHPL,2025-10-07,294.0,291.0,4213
SHINE,2025-10-07,420.0,415.8,15535
DDBL,2025-10-07,860.0,851.0,8283
DLBS,2025-10-07,1371.0,1370.0,776
DOLTI,2025-10-07,556.6,545.5,2425
DORDI,2025-10-07,246.0,236.8,83866
EBLD86,2025-10-07,1086.0,1086.0,25
GBBD85,2025-10-07,1094.0,1094.0,350
EBLD91,2025-10-07,1020.1,1054.0,730
EBLEB89,2025-10-07,1062.0,1042.0,135
EDBL,2025-10-07,612.6,597.0,7066
EHPL,2025-10-07,519.7,517.9,5338
ENL,2025-10-07,970.0,970.0,1445
FMDBL,2025-10-07,837.0,829.9,64705
JBLB,2025-10-07,1450.0,1449.0,7995
GBILD84/85,2025-10-07,1194.0,1195.0,115
H8020,2025-10-07,10.32,10.46,1020
GVL,2025-10-07,521.4,515.5,45670
EBL,2025-10-07,724.0,720.0,89590
GBIME,2025-10-07,247.3,244.9,105750
GFCL,2025-10-07,605.1,627.0,4864
GBBL,2025-10-07,428.0,424.0,28695
CZBIL,2025-10-07,210.0,207.0,65982
CYCL,2025-10-07,1644.0,1609.0,851
GHL,2025-10-07,228.0,220.0,43597
GIBF1,2025-10-07,10.0,10.0,1900
GILB,2025-10-07,1201.0,1213.0,5208
GLBSL,2025-10-07,2200.0,2177.0,1929
GLH,2025-10-07,281.4,264.0,61591
GMFBS,2025-10-07,1580.0,1561.0,702
GMFIL,2025-10-07,467.0,464.0,5731
GMLI,2025-10-07,2000.0,1980.0,1301
GRDBL,2025-10-07,1097.4,1055.0,10343
GSY,2025-10-07,8.9,9.0,4400
GUFL,2025-10-07,500.0,491.0,2502
SMFBS,2025-10-07,1706.0,1671.0,1065
MHNL,2025-10-07,251.0,243.2,5010
NABILD87,2025-10-07,1151.0,1151.0,231
LEC,2025-10-07,206.0,204.0,94255
ICFCD88,2025-10-07,1128.8,1129.0,50
HDHPC,2025-10-07,184.0,179.6,107883
IHL,2025-10-07,560.0,555.5,6625
HEI,2025-10-07,523.0,520.2,6415
LLBS,2025-10-07,982.0,965.0,582
HLI,2025-10-07,385.0,383.0,23967
HEIP,2025-10-07,360.0,359.7,6314
HHL,2025-10-07,359.0,348.4,16818
HIDCL,2025-10-07,270.0,266.5,148622
HIDCLP,2025-10-07,193.2,188.0,280575
HIMSTAR,2025-10-07,674.3,651.1,39857
HLBSL,2025-10-07,968.0,958.0,5064
HPPL,2025-10-07,457.2,448.0,147548
ILBS,2025-10-07,1182.0,1199.0,21864
HRL,2025-10-07,863.0,821.1,151015
HURJA,2025-10-07,226.1,222.9,41341
ICFC,2025-10-07,662.0,650.0,11943
IGI,2025-10-07,450.0,437.0,13363
KSY,2025-10-07,9.07,8.92,1750
KSBBL,2025-10-07,461.0,449.0,51542
KPCL,2025-10-07,591.0,569.0,30995
JBBL,2025-10-07,326.0,322.9,20961
KSBBLD87,2025-10-07,1132.2,1142.0,1035
LSL,2025-10-07,229.0,228.0,90622
LBBL,2025-10-07,497.0,485.0,112530
ILI,2025-10-07,447.1,441.0,14086
JBBD87,2025-10-07,1135.0,1164.0,1000
JFL,2025-10-07,450.0,448.0,2396
JOSHI,2025-10-07,308.1,305.6,7101
JSLBB,2025-10-07,1200.0,1214.8,900
KBL,2025-10-07,192.1,188.6,399041
KBLD89,2025-10-07,1246.0,1246.0,175
KBSH,2025-10-07,1907.0,1836.2,355
KDBY,2025-10-07,8.95,8.9,900
KDL,2025-10-07,980.0,965.0,1589
KEF,2025-10-07,9.15,9.0,6400
KKHC,2025-10-07,240.0,242.5,16791
KMCDB,2025-10-07,1057.0,1036.0,3606
ICFCD83,2025-10-07,1180.0,1170.0,125
MKHC,2025-10-07,401.0,394.6,4937
MERO,2025-10-07,835.0,798.0,8808
HBL,2025-10-07,203.8,201.9,60463
MFIL,2025-10-07,655.0,654.0,49377
CMF2,2025-10-07,9.39,9.31,19260
HDL,2025-10-07,1396.3,1349.0,72023
LVF2,2025-10-07,9.4,9.38,3275
NBF2,2025-10-07,9.5,9.46,20700
LUK,2025-10-07,9.35,9.35,100
MAKAR,2025-10-07,601.8,600.0,5936
MANDU,2025-10-07,867.0,845.0,930
MATRI,2025-10-07,985.0,1004.7,791
MBJC,2025-10-07,303.1,298.0,20980
MBL,2025-10-07,221.0,219.2,44077
MCHL,2025-10-07,531.0,514.0,1223
MHCL,2025-10-07,425.0,418.0,5629
MDB,2025-10-07,609.0,590.0,20836
MEHL,2025-10-07,440.1,431.0,8720
MEL,2025-10-07,300.0,287.9,8967
MEN,2025-10-07,635.0,621.0,73489
MFLD85,2025-10-07,1120.0,1120.0,25
SHLB,2025-10-07,1937.0,1868.0,361
SHL,2025-10-07,526.0,521.0,40916
MSLB,2025-10-07,1434.0,1401.0,2327
BNL,2025-10-07,15400.0,15400.0,10
NABIL,2025-10-07,530.0,521.0,48977
MKHL,2025-10-07,780.8,745.0,2655
MKCL,2025-10-07,1535.0,1517.0,4700
MBLEF,2025-10-07,9.0,9.03,1500
MHL,2025-10-07,495.2,485.0,18210
MKJC,2025-10-07,600.1,620.0,177106
MLBBL,2025-10-07,1505.0,1495.0,2729
MLBL,2025-10-07,391.9,389.8,39988
MLBS,2025-10-07,1568.0,1569.9,411
MLBSL,2025-10-07,2192.0,2148.0,1046
MMF1,2025-10-07,9.03,8.74,16929
MMKJL,2025-10-07,656.9,622.0,24042
MNBBL,2025-10-07,463.0,457.1,117960
MNMF1,2025-10-07,8.79,9.0,3280
MPFL,2025-10-07,569.0,549.2,10564
MSHL,2025-10-07,919.1,931.0,2076
FOWAD,2025-10-07,1100.0,1091.0,1816
NBF3,2025-10-07,9.19,9.13,45967
NMB,2025-10-07,245.0,243.4,56294
NIMB,2025-10-07,208.0,206.9,201747
NBLD85,2025-10-07,1065.0,1096.0,120
RMF2,2025-10-07,9.23,8.87,800
NGPL,2025-10-07,384.2,393.0,206561
NHDL,2025-10-07,681.3,681.0,4266
NHPC,2025-10-07,204.0,196.1,50147
NIBLGF,2025-10-07,8.81,8.79,31300
NIBSF2,2025-10-07,8.56,8.63,19800
NIFRA,2025-10-07,275.0,269.5,188521
NMLBBL,2025-10-07,666.0,645.0,2646
NICAD2091,2025-10-07,1005.2,1050.0,656
NICAD85/86,2025-10-07,1140.0,1140.0,60
NICBF,2025-10-07,9.2,9.2,553
NICD88,2025-10-07,1043.0,1138.0,663
NICFC,2025-10-07,9.05,9.02,11850
NICGF2,2025-10-07,8.44,8.78,9200
NRM,2025-10-07,440.1,428.0,44513
NLG,2025-10-07,714.0,696.5,26683
PSF,2025-10-07,10.2,10.39,66200
NMB50,2025-10-07,10.11,10.11,5500
SHPC,2025-10-07,525.2,516.9,174167
NMFBS,2025-10-07,1268.3,1230.0,6463
NLIC,2025-10-07,775.0,770.0,24049
SCB,2025-10-07,639.5,625.0,43949
SCBD,2025-10-07,1115.0,1216.0,912
NIBLSTF,2025-10-07,8.55,8.65,2200
SBI,2025-10-07,396.0,384.0,13295
NICA,2025-10-07,332.0,330.2,38679
NICL,2025-10-07,540.2,530.0,10086
NMBMF,2025-10-07,681.1,680.0,1248
NMIC,2025-10-07,1145.0,1130.0,10754
NSIF2,2025-10-07,9.98,10.12,71975
NRIC,2025-10-07,1465.0,1320.2,141566
SADBL,2025-10-07,426.0,409.2,30620
NICSF,2025-10-07,8.85,9.02,9850
NESDO,2025-10-07,1555.0,1525.0,884
NMBHF2,2025-10-07,8.91,8.92,48930
NLICL,2025-10-07,590.0,587.1,5348
NTC,2025-10-07,852.0,846.0,11285
ULHC,2025-10-07,472.0,456.7,6287
OMPL,2025-10-07,1192.0,1154.9,12327
PMLI,2025-10-07,485.9,479.0,12361
PPCL,2025-10-07,320.0,318.2,11845
PPL,2025-10-07,309.0,300.2,30235
NUBL,2025-10-07,765.0,754.9,5536
NWCL,2025-10-07,855.0,835.0,2233
NYADI,2025-10-07,420.0,395.0,8408
OHL,2025-10-07,725.0,703.0,6429
PROFL,2025-10-07,483.1,480.0,8019
NFS,2025-10-07,660.0,639.0,11647
PRIN,2025-10-07,680.1,686.0,7008
PBLD84,2025-10-07,1125.0,1125.0,233
PRSF,2025-10-07,10.18,10.12,7130
PFL,2025-10-07,401.0,395.0,4216
PHCL,2025-10-07,390.1,383.9,6214
PMHPL,2025-10-07,341.7,312.0,76906
RSY,2025-10-07,9.16,9.19,18300
NICLBSL,2025-10-07,565.09,565.0,4193
PRVU,2025-10-07,207.9,205.5,197784
SWBBL,2025-10-07,844.7,824.0,6763
PURE,2025-10-07,783.3,775.0,8734
RHPL,2025-10-07,292.0,279.0,38857
SALICO,2025-10-07,600.0,610.0,6343
RAWA,2025-10-07,760.0,733.2,1690
RBBD2088,2025-10-07,1068.0,1068.0,460
NRN,2025-10-07,1955.0,1876.0,60823
RBCLPO,2025-10-07,12353.9,12511.0,50
RFPL,2025-10-07,360.0,348.9,8472
RADHI,2025-10-07,766.0,709.0,145205
RIDI,2025-10-07,235.0,231.1,33761
PBD84,2025-10-07,1122.0,1122.0,20
RBCL,2025-10-07,15000.1,15000.0,161
RMF1,2025-10-07,9.4,9.3,4610
PBD88,2025-10-07,1146.0,1210.3,2230
RHGCL,2025-10-07,257.0,249.6,65139
RSDC,2025-10-07,648.0,629.0,16174
PCBL,2025-10-07,253.0,246.0,61656
NIL,2025-10-07,616.0,602.0,11715
NIFRAGED,2025-10-07,1005.0,1011.0,75
SFCL,2025-10-07,435.0,419.0,11047
SICL,2025-10-07,662.5,651.0,8784
SBLD2091,2025-10-07,825.35,1050.0,4216
NMBD87/88,2025-10-07,1086.3,1136.0,1001
SBCF,2025-10-07,9.01,9.03,13700
NIMBD90,2025-10-07,1152.3,1152.3,25
SLBSL,2025-10-07,1465.0,1455.0,6376
NIMBPO,2025-10-07,168.8,165.5,115626
SLBBL,2025-10-07,912.0,887.0,5284
SFEF,2025-10-07,9.43,9.34,21958
SANIMA,2025-10-07,338.9,326.0,119718
SMH,2025-10-07,872.0,850.0,1169
UAIL,2025-10-07,487.0,467.0,13005
SMHL,2025-10-07,893.0,859.6,10738
SAPDBL,2025-10-07,866.0,815.9,27297
SEF,2025-10-07,9.5,9.31,49038
SIFC,2025-10-07,508.0,507.0,12886
ACLBSL,2025-10-07,1028.1,1008.1,1253
SMB,2025-10-07,2210.0,2265.0,1357
SBL,2025-10-07,365.0,353.5,32950
SARBTM,2025-10-07,876.0,866.0,26329
STC,2025-10-07,5410.0,5290.0,1305
SIKLES,2025-10-07,643.9,707.7,160094
SINDU,2025-10-07,726.2,719.0,15665
SJCL,2025-10-07,294.0,293.9,7202
SJLIC,2025-10-07,431.9,424.0,17848
SKBBL,2025-10-07,886.1,891.0,13569
TVCL,2025-10-07,473.9,456.0,10539
SAHAS,2025-10-07,657.0,636.0,112221
SLCF,2025-10-07,9.25,9.31,12050
SMATA,2025-10-07,920.0,921.0,13238
SHEL,2025-10-07,291.4,288.0,177269
SGIC,2025-10-07,501.5,494.9,34312
SGHC,2025-10-07,338.0,338.9,5248
SBID89,2025-10-07,1120.0,1120.0,25
SAMAJ,2025-10-07,2703.0,2745.0,1162
SFMF,2025-10-07,9.93,9.93,11000
SBLD84,2025-10-07,1046.0,1084.0,178
UHEWA,2025-10-07,615.0,576.0,9061
RLFL,2025-10-07,445.0,444.0,9240
TPC,2025-10-07,330.0,326.0,22088
RNLI,2025-10-07,466.1,451.3,36241
SNLI,2025-10-07,455.0,446.0,22157
SONA,2025-10-07,434.2,431.2,32350
RURU,2025-10-07,711.0,733.0,10955
SPDL,2025-10-07,399.0,413.9,292100
SPHL,2025-10-07,533.2,548.0,3738
ULBSL,2025-10-07,3590.0,3569.0,92
SRBLD83,2025-10-07,1110.0,1110.0,200
UNLB,2025-10-07,2228.0,2099.0,3867
SPC,2025-10-07,503.1,485.1,30399
SSHL,2025-10-07,179.1,176.0,57413
UPCL,2025-10-07,390.7,375.4,113099
SPL,2025-10-07,940.8,930.0,1355
SWMF,2025-10-07,701.0,703.0,1400
UPPER,2025-10-07,189.0,185.1,76249
SRLI,2025-10-07,397.0,383.1,26390
SMPDA,2025-10-07,923.0,905.0,6266
SANVI,2025-10-07,624.2,604.9,21790
NBL,2025-10-07,252.0,249.5,76247
VLUCL,2025-10-07,603.0,585.0,17625
TTL,2025-10-07,750.0,736.0,15930
TSHL,2025-10-07,772.3,840.0,43176
TRH,2025-10-07,840.0,845.0,7591
UMHL,2025-10-07,545.0,539.9,80206
UMRH,2025-10-07,590.0,580.0,5022
UNHPL,2025-10-07,495.0,508.0,554698
UNL,2025-10-07,48025.6,48300.0,100
USHEC,2025-10-07,499.9,472.0,16673
SIGS3,2025-10-07,9.44,9.39,9790
SPIL,2025-10-07,718.0,712.5,5549
SMJC,2025-10-07,551.8,538.0,18127
USHL,2025-10-07,759.9,714.0,2576
USLB,2025-10-07,1874.9,1892.0,5139
VLBS,2025-10-07,812.0,800.0,1984
TAMOR,2025-10-07,489.1,482.0,8482
KEF,2025-09-28,8.82,9.25,3200
MKJC,2025-09-28,593.2,608.0,81336
KBSH,2025-09-28,1855.0,1869.8,190
KDBY,2025-09-28,9.12,9.12,1900
KPCL,2025-09-28,622.3,602.0,75555
KSBBL,2025-09-28,480.0,466.0,19736
JOSHI,2025-09-28,320.0,314.0,10427
KKHC,2025-09-28,245.5,244.0,6202
KBL,2025-09-28,192.0,192.0,159082
KDL,2025-09-28,990.0,997.0,905
KMCDB,2025-09-28,1044.0,1057.0,3515
JBLB,2025-09-28,1472.0,1469.0,2905
WNLB,2025-09-28,2110.0,2100.0,166
HDL,2025-09-28,1390.2,1369.0,50082
GBLBS,2025-09-28,764.0,758.0,1448
AVYAN,2025-09-28,995.0,1007.9,2464
API,2025-09-28,295.0,292.0,54704
BHCL,2025-09-28,455.0,459.0,20632
ANLB,2025-09-28,6122.0,6224.0,204
ALBSL,2025-09-28,1034.0,1032.3,2362
AKPL,2025-09-28,260.9,260.0,70391
BBC,2025-09-28,5137.0,4962.8,317
AKJCL,2025-09-28,195.1,196.5,15210
SIKLES,2025-09-28,715.4,657.0,60860
AHPC,2025-09-28,294.0,295.6,112326
AHL,2025-09-28,646.0,662.0,8798
ACLBSL,2025-09-28,1021.0,1045.0,448
ALICL,2025-09-28,469.7,473.0,7357
HBL,2025-09-28,201.0,203.8,63549
BHDC,2025-09-28,589.5,583.0,32042
BFC,2025-09-28,476.0,471.0,6550
GFCL,2025-09-28,610.0,617.0,3687
ICFC,2025-09-28,651.0,661.0,6377
LSL,2025-09-28,231.0,232.0,52268
CMF2,2025-09-28,9.35,9.4,1155
H8020,2025-09-28,10.5,10.42,43700
GUFL,2025-09-28,517.0,500.0,4821
GSY,2025-09-28,9.07,9.08,7850
GRDBL,2025-09-28,1105.0,1119.7,8244
GMLI,2025-09-28,1985.0,2024.0,1652
CYCL,2025-09-28,1639.0,1644.0,1510
GMFIL,2025-09-28,484.9,474.0,8455
NBLD82,2025-09-28,1084.0,1084.0,25
GBIMESY2,2025-09-28,9.02,9.79,10100
GLH,2025-09-28,277.9,276.0,124912
GVL,2025-09-28,523.0,532.0,32510
GLBSL,2025-09-28,2210.0,2243.0,2351
CBBL,2025-09-28,1035.0,1028.0,13657
C30MF,2025-09-28,9.31,9.33,500
GHL,2025-09-28,227.9,228.0,25738
GCIL,2025-09-28,459.0,460.0,8766
GMFBS,2025-09-28,1572.0,1580.0,158
DHPL,2025-09-28,301.9,300.0,2756
MSHL,2025-09-28,933.2,937.0,5619
GBIME,2025-09-28,250.3,249.0,93704
BHPL,2025-09-28,745.0,733.0,1624
SHLB,2025-09-28,1920.6,1937.0,600
GIBF1,2025-09-28,9.81,10.0,20715
SIGS3,2025-09-28,9.31,9.44,17200
ULHC,2025-09-28,480.0,481.0,3437
SHINE,2025-09-28,422.0,422.0,10764
SJCL,2025-09-28,291.0,299.9,2312
SKBBL,2025-09-28,904.0,904.0,18549
SLBBL,2025-09-28,922.0,919.0,2586
SLBSL,2025-09-28,1465.0,1465.0,15724
SHL,2025-09-28,539.9,536.4,12303
SLCF,2025-09-28,9.1,9.22,28400
SMATA,2025-09-28,930.0,937.0,11197
SHIVM,2025-09-28,605.0,598.5,137590
SHEL,2025-09-28,293.9,297.0,101776
SMFBS,2025-09-28,1701.2,1739.0,326
SANIMA,2025-09-28,335.0,335.0,57946
UNLB,2025-09-28,2152.0,2228.0,1950
SINDU,2025-09-28,750.0,741.0,9420
SJLIC,2025-09-28,426.5,431.9,8190
SHPC,2025-09-28,543.1,535.9,37371
SIFC,2025-09-28,503.0,510.0,4148
NBF2,2025-09-28,9.97,9.6,42045
GBBL,2025-09-28,430.0,431.0,13886
CZBIL,2025-09-28,208.0,210.0,53482
DDBL,2025-09-28,870.0,871.0,4216
DLBS,2025-09-28,1449.0,1394.6,606
DOLTI,2025-09-28,574.1,567.9,1796
DORDI,2025-09-28,240.0,245.0,45563
FMDBL,2025-09-28,846.6,836.5,11749
EBL,2025-09-28,715.0,720.0,27218
EBLD85,2025-09-28,1165.0,1165.0,60
EBLD91,2025-09-28,1019.0,1040.4,599
EBLEB89,2025-09-28,1041.5,1041.5,100
EDBL,2025-09-28,615.1,625.0,8123
EHPL,2025-09-28,531.0,530.0,4080
ENL,2025-09-28,990.0,982.0,1017
FOWAD,2025-09-28,1111.0,1109.0,1121
SICL,2025-09-28,636.0,676.0,12448
NBF3,2025-09-28,9.16,9.19,51110
NESDO,2025-09-28,1589.0,1578.9,481
CLI,2025-09-28,477.1,463.7,13303
CKHL,2025-09-28,660.0,664.0,1050
MNMF1,2025-09-28,8.82,8.96,2550
IGI,2025-09-28,455.0,447.8,13398
IHL,2025-09-28,565.1,569.0,2606
ILBS,2025-09-28,1184.1,1203.0,2464
LICN,2025-09-28,842.0,840.0,2189
LLBS,2025-09-28,986.0,993.0,330
MMKJL,2025-09-28,675.0,670.3,6546
MFIL,2025-09-28,649.0,648.0,20086
NABBC,2025-09-28,756.6,784.0,14486
BNT,2025-09-28,11212.0,11300.0,222
SIGS2,2025-09-28,9.84,9.8,457350
MLBBL,2025-09-28,1524.0,1521.6,536
MPFL,2025-09-28,572.8,568.9,5041
MLBL,2025-09-28,388.9,392.7,16777
MLBS,2025-09-28,1599.0,1600.0,28
MLBSL,2025-09-28,2200.0,2192.0,859
MMF1,2025-09-28,8.9,8.86,44232
ICFCD83,2025-09-28,1180.0,1180.0,75
ICFCD88,2025-09-28,1106.0,1107.0,50
BGWT,2025-09-28,890.4,940.9,13441
MSLB,2025-09-28,1477.0,1462.8,2364
CORBL,2025-09-28,1923.8,1973.0,3775
LBBLD89,2025-09-28,1190.0,1190.0,25
LEC,2025-09-28,210.0,207.0,101495
JFL,2025-09-28,457.8,452.0,2722
JBBL,2025-09-28,330.0,331.0,17043
HPPL,2025-09-28,460.0,466.0,17636
HEIP,2025-09-28,365.0,366.0,10000
HHL,2025-09-28,365.0,359.0,22774
MHL,2025-09-28,496.0,502.0,7583
MERO,2025-09-28,845.0,835.1,3282
HURJA,2025-09-28,228.9,230.2,15696
HIDCL,2025-09-28,274.0,274.4,76227
HIDCLP,2025-09-28,197.1,196.9,128205
HIMSTAR,2025-09-28,706.8,688.0,76236
HLBSL,2025-09-28,985.0,979.8,2002
HLI,2025-09-28,390.0,390.0,23313
HRL,2025-09-28,860.0,862.0,90595
KSBBLD87,2025-09-28,1110.0,1110.0,53
HATHY,2025-09-28,1020.0,1001.0,6570
ADBL,2025-09-28,317.3,319.5,26821
NABIL,2025-09-28,524.0,527.0,30997
MKCL,2025-09-28,1526.0,1535.0,1427
HEI,2025-09-28,524.0,524.0,6196
HDHPC,2025-09-28,187.0,186.8,37041
NBL,2025-09-28,255.0,251.9,23772
CGH,2025-09-28,917.1,901.0,16549
MKHL,2025-09-28,827.2,795.1,273
BPCL,2025-09-28,773.1,763.0,32520
JSLBB,2025-09-28,1205.1,1215.0,837
GILB,2025-09-28,1230.0,1216.0,4004
CITY,2025-09-28,599.0,582.0,9159
CBLD88,2025-09-28,1225.0,1225.0,50
CFCL,2025-09-28,500.0,495.0,3959
CHCL,2025-09-28,500.0,503.0,18448
BHL,2025-09-28,194.0,193.5,66858
CHDC,2025-09-28,2342.0,2356.0,11957
CHL,2025-09-28,267.1,273.0,55459
CIT,2025-09-28,1905.0,1896.3,5826
CIZBD86,2025-09-28,1124.0,1124.0,84
MHCL,2025-09-28,435.0,432.9,2786
MKHC,2025-09-28,406.0,409.0,1995
NADEP,2025-09-28,790.0,827.0,5071
BNHC,2025-09-28,487.9,487.0,7898
MHNL,2025-09-28,246.6,250.0,8346
LVF2,2025-09-28,9.15,9.25,1700
MAKAR,2025-09-28,629.3,614.0,1550
MANDU,2025-09-28,848.6,850.0,1170
MATRI,2025-09-28,1015.9,1005.0,690
MBJC,2025-09-28,300.7,307.0,6485
MBL,2025-09-28,225.0,222.0,45197
MBLEF,2025-09-28,9.0,9.18,2200
MEL,2025-09-28,299.8,298.0,8391
MCHL,2025-09-28,522.1,539.0,1655
MDB,2025-09-28,615.0,610.0,8294
MEHL,2025-09-28,442.5,449.0,4357
MEN,2025-09-28,638.0,632.0,25748
SBID89,2025-09-28,1105.0,1105.0,25
NIBLSTF,2025-09-28,8.55,8.7,2700
NUBL,2025-09-28,780.0,770.0,3871
NHPC,2025-09-28,202.0,200.0,42203
UNL,2025-09-28,49698.0,49000.0,30
ILI,2025-09-28,448.0,450.5,12560
NHDL,2025-09-28,700.0,695.1,1546
NSIF2,2025-09-28,10.32,10.18,22560
NTC,2025-09-28,852.0,852.0,6444
NIFRA,2025-09-28,272.5,275.0,158703
NICSF,2025-09-28,8.75,9.03,30300
NICLBSL,2025-09-28,581.0,572.0,3614
NICL,2025-09-28,545.0,549.0,7982
NICGF2,2025-09-28,8.7,8.61,3100
NICFC,2025-09-28,8.88,8.88,1900
NICAD85/86,2025-09-28,1118.0,1118.0,25
NICA,2025-09-28,335.0,334.0,31511
NIBSF2,2025-09-28,8.6,8.7,8210
NIBLGF,2025-09-28,8.57,8.8,8300
PURE,2025-09-28,799.0,797.0,3253
SANVI,2025-09-28,613.0,636.9,12532
SAPDBL,2025-09-28,860.0,849.1,29552
SARBTM,2025-09-28,899.8,890.0,7959
NIMBPO,2025-09-28,164.2,165.8,8410
NIFRAGED,2025-09-28,1010.0,1010.0,100
NIL,2025-09-28,615.0,615.0,9483
NIMB,2025-09-28,206.0,208.0,35961
NIMBD90,2025-09-28,1150.0,1150.0,50
SAGF,2025-09-28,9.63,9.62,24115
NRN,2025-09-28,1963.2,1970.0,27313
NRM,2025-09-28,440.1,445.0,33037
NLIC,2025-09-28,772.0,779.2,14901
NMLBBL,2025-09-28,655.0,654.0,1391
NMIC,2025-09-28,1165.0,1145.0,3322
PSF,2025-09-28,10.2,10.3,23156
RBCL,2025-09-28,15200.1,15230.0,80
PCBL,2025-09-28,251.0,253.0,22288
RBCLPO,2025-09-28,12606.0,12606.0,30
RHGCL,2025-09-28,270.0,261.9,70954
NGPL,2025-09-28,393.0,392.0,119788
RBBD2088,2025-09-28,1045.0,1050.0,125
OMPL,2025-09-28,1212.7,1213.8,5814
PBLD84,2025-09-28,1110.0,1120.0,35
BEDC,2025-09-28,669.1,714.9,32788
PRSF,2025-09-28,10.24,10.26,33100
PBD88,2025-09-28,1150.0,1150.0,50
PFL,2025-09-28,401.0,401.0,4140
PPL,2025-09-28,310.0,309.8,22668
PRVU,2025-09-28,206.0,207.9,50781
PMLI,2025-09-28,481.6,490.0,3731
PRIN,2025-09-28,700.0,692.0,6201
PROFL,2025-09-28,500.0,492.5,1987
PMHPL,2025-09-28,342.7,335.0,37529
CREST,2025-09-28,1050.0,1064.8,3809
PROFLP,2025-09-28,118.0,118.0,14566
BARUN,2025-09-28,318.0,337.0,29332
SADBL,2025-09-28,419.0,418.9,20712
RURU,2025-09-28,733.9,725.5,1553
RSY,2025-09-28,8.99,9.34,10400
RSDC,2025-09-28,660.0,649.0,16766
RNLI,2025-09-28,471.0,472.0,61784
RMF2,2025-09-28,9.36,9.05,21855
RADHI,2025-09-28,760.0,751.0,57305
RMF1,2025-09-28,9.25,9.4,17550
RLFL,2025-09-28,453.0,448.0,3814
RHPL,2025-09-28,284.1,290.0,11456
NYADI,2025-09-28,416.0,416.9,3506
RFPL,2025-09-28,356.0,354.4,11815
PPCL,2025-09-28,321.0,326.0,10260
OHL,2025-09-28,725.0,725.0,3737
PHCL,2025-09-28,404.0,394.9,3292
NMFBS,2025-09-28,1265.0,1268.3,2697
RIDI,2025-09-28,237.0,235.0,44046
UHEWA,2025-09-28,611.0,603.0,10348
NMBHF2,2025-09-28,8.95,9.09,22800
STC,2025-09-28,5300.0,5395.0,814
VLBS,2025-09-28,817.0,825.0,1134
USHL,2025-09-28,737.0,745.0,1882
USHEC,2025-09-28,495.0,499.0,18260
UPPER,2025-09-28,187.0,189.0,59047
UPCL,2025-09-28,384.0,389.0,126102
TTL,2025-09-28,751.0,757.0,10058
SMJC,2025-09-28,560.0,563.0,9667
UNHPL,2025-09-28,475.0,496.0,490483
USLB,2025-09-28,1821.5,1846.0,13654
SNLI,2025-09-28,450.0,455.0,6697
UMHL,2025-09-28,550.0,554.6,56918
SMB,2025-09-28,2279.9,2255.0,557
ULBSL,2025-09-28,3546.1,3590.0,553
NRIC,2025-09-28,1462.0,1444.0,75209
UAIL,2025-09-28,462.2,481.0,9945
RAWA,2025-09-28,756.0,775.2,481
SALICO,2025-09-28,620.4,611.5,3745
SMH,2025-09-28,900.0,889.7,1861
NMBMF,2025-09-28,682.0,694.0,2143
SGHC,2025-09-28,338.1,344.0,4845
SFMF,2025-09-28,10.13,10.13,1000
SFEF,2025-09-28,9.25,9.25,20960
SFCL,2025-09-28,438.0,434.0,9375
NFS,2025-09-28,646.2,647.4,7844
SCB,2025-09-28,636.0,630.0,5718
SBLD2091,2025-09-28,1025.0,1025.0,76071
SGIC,2025-09-28,502.6,510.9,13033
SBL,2025-09-28,360.0,360.0,20952
SBI,2025-09-28,396.0,393.0,3248
SAHAS,2025-09-28,645.0,657.0,57715
NWCL,2025-09-28,842.0,857.0,1046
SWBBL,2025-09-28,845.0,844.7,2655
TAMOR,2025-09-28,491.3,499.0,4240
TRH,2025-09-28,850.0,856.8,8799
SONA,2025-09-28,435.3,438.8,12880
UMRH,2025-09-28,605.0,590.0,3590
TVCL,2025-09-28,474.0,464.9,1061
NMB50,2025-09-28,10.16,10.3,6073
NMB,2025-09-28,248.4,248.5,35996
NLICL,2025-09-28,595.0,599.9,16205
NLG,2025-09-28,724.8,714.0,14409
NMBPO,2025-09-28,136.0,136.0,598145
SEF,2025-09-28,9.47,9.46,1200
SBCF,2025-09-28,9.36,9.09,19727
SAND2085,2025-09-28,1089.9,1101.0,100
SAMAJ,2025-09-28,2749.0,2703.0,638
TPC,2025-09-28,330.3,335.9,94231
LBBL,2025-09-28,514.0,503.9,69453
SWMF,2025-09-28,713.0,713.0,1006
SPC,2025-09-28,511.0,513.3,3881
MNBBL,2025-09-28,463.0,459.7,91917
LUK,2025-09-28,9.73,9.38,8327
SPL,2025-09-28,964.4,960.0,125
SPHL,2025-09-28,546.0,544.0,5245
SSHL,2025-09-28,183.0,182.0,36807
VLUCL,2025-09-28,616.9,605.0,15991
SPDL,2025-09-28,394.9,402.0,105654
SMPDA,2025-09-28,932.0,928.0,3961
SMHL,2025-09-28,900.0,889.9,12030
SRLI,2025-09-28,385.0,393.9,9467
KSY,2025-09-28,8.79,8.9,400
SPIL,2025-09-28,711.3,727.9,4990
TSHL,2025-09-28,770.0,788.0,5171
SMPDA,2025-09-25,905.0,934.0,8128
ULBSL,2025-09-25,3550.1,3614.7,1275
MLBL,2025-09-25,383.2,385.0,31679
HURJA,2025-09-25,223.4,227.0,18227
OMPL,2025-09-25,1205.4,1212.7,9885
HLI,2025-09-25,387.0,390.0,23230
NYADI,2025-09-25,410.0,416.4,2730
ULHC,2025-09-25,479.0,480.0,8036
GLH,2025-09-25,261.0,272.5,211469
SKBBL,2025-09-25,905.0,899.0,11323
UHEWA,2025-09-25,604.0,599.2,15753
AKPL,2025-09-25,253.3,259.0,82433
OHL,2025-09-25,734.0,733.0,21898
NMBHF2,2025-09-25,8.8,8.8,2450
SHIVM,2025-09-25,594.0,594.0,106855
UNLB,2025-09-25,2190.6,2195.0,790
HATHY,2025-09-25,990.0,1000.0,2986
GLBSL,2025-09-25,2138.0,2230.0,4713
MLBS,2025-09-25,1550.0,1584.0,507
RBCLPO,2025-09-25,12752.7,12860.0,71
BFC,2025-09-25,456.0,467.0,6030
SICL,2025-09-25,639.1,644.0,11244
PMHPL,2025-09-25,333.6,336.0,39939
CHCL,2025-09-25,487.0,497.0,11872
PBLD84,2025-09-25,1110.0,1110.0,25
SIGS2,2025-09-25,9.58,9.65,36700
ADBL,2025-09-25,311.0,317.3,29186
SINDU,2025-09-25,735.1,742.0,25000
SMHL,2025-09-25,915.0,898.0,15769
SHINE,2025-09-25,419.0,417.9,11832
SAHAS,2025-09-25,640.0,641.5,54572
SANVI,2025-09-25,609.0,613.0,12111
SALICO,2025-09-25,605.0,620.4,6640
GBBD85,2025-09-25,1078.1,1078.1,25
NLICL,2025-09-25,580.1,600.0,3953
NIMBPO,2025-09-25,167.0,167.0,25
UNHPL,2025-09-25,474.3,470.9,389469
RHPL,2025-09-25,287.0,288.0,26050
CREST,2025-09-25,1040.0,1054.9,7416
CFCL,2025-09-25,500.0,494.0,5229
CITY,2025-09-25,636.1,600.0,60922
NMFBS,2025-09-25,1265.2,1260.2,6918
GBBL,2025-09-25,426.0,427.0,33594
BPCL,2025-09-25,778.2,758.0,38823
PRVU,2025-09-25,209.0,205.9,58870
BNT,2025-09-25,10979.0,11212.0,80
SIGS3,2025-09-25,9.37,9.29,73300
PPCL,2025-09-25,332.5,327.0,11634
CKHL,2025-09-25,646.8,660.3,3414
EBL,2025-09-25,705.0,714.8,21113
SBD87,2025-09-25,1060.0,1126.0,653
NGPL,2025-09-25,382.0,389.9,125426
SHPC,2025-09-25,532.5,532.5,29869
GBILD84/85,2025-09-25,1185.2,1185.2,35
BHCL,2025-09-25,470.0,459.0,47055
NIMBD90,2025-09-25,1150.0,1150.0,25
PBLD86,2025-09-25,1100.2,1189.0,279
NICGF2,2025-09-25,8.5,8.7,2920
NBF3,2025-09-25,9.14,9.29,6986
NICFC,2025-09-25,9.18,9.06,4655
NICD83/84,2025-09-25,1101.5,1101.5,10
SAMAJ,2025-09-25,2670.0,2697.0,992
TSHL,2025-09-25,795.8,783.5,21883
SPL,2025-09-25,970.2,984.0,19722
SONA,2025-09-25,436.0,435.0,25279
UMRH,2025-09-25,590.0,595.0,9674
NLG,2025-09-25,710.3,715.0,15389
UMHL,2025-09-25,549.9,550.0,55369
NFS,2025-09-25,650.0,646.0,13732
NRIC,2025-09-25,1437.7,1462.0,211691
SBL,2025-09-25,356.0,356.0,18084
BNHC,2025-09-25,485.2,487.9,6000
SRBLD83,2025-09-25,1100.0,1100.0,25
NMBMF,2025-09-25,690.0,687.3,794
NMIC,2025-09-25,1141.1,1146.0,6054
KSBBL,2025-09-25,480.0,473.5,30828
LLBS,2025-09-25,985.5,978.0,237
NABBC,2025-09-25,805.0,772.0,28158
MSLB,2025-09-25,1425.0,1449.0,2520
SANIMA,2025-09-25,334.0,332.9,39197
MKHL,2025-09-25,783.8,811.0,57061
LICN,2025-09-25,835.0,835.0,4720
MBLEF,2025-09-25,8.9,9.0,5700
GILB,2025-09-25,1244.0,1225.0,5507
HIDCLP,2025-09-25,193.0,195.1,117207
CBLD88,2025-09-25,1202.0,1237.0,1449
HIDCL,2025-09-25,275.6,273.0,108839
PBD85,2025-09-25,1094.0,1102.0,600
SGHC,2025-09-25,335.0,338.0,6259
SPC,2025-09-25,511.0,511.1,7362
SJLIC,2025-09-25,419.3,426.4,6106
SHEL,2025-09-25,296.0,291.0,90869
SFMF,2025-09-25,10.01,10.0,79650
SWMF,2025-09-25,715.0,711.0,863
NESDO,2025-09-25,1501.0,1567.0,201
PROFL,2025-09-25,487.0,490.9,3547
CZBIL,2025-09-25,202.0,204.0,42794
PRIN,2025-09-25,707.0,696.0,14262
SBIBD86,2025-09-25,1168.9,1173.0,296
NHDL,2025-09-25,696.0,694.0,9074
PPL,2025-09-25,305.0,310.1,18892
TVCL,2025-09-25,475.0,469.0,4611
NICL,2025-09-25,541.0,545.1,5810
GSY,2025-09-25,8.85,9.25,9350
MLBBL,2025-09-25,1486.0,1496.0,571
NUBL,2025-09-25,776.3,769.9,2285
LUK,2025-09-25,9.57,9.54,26926
SAGF,2025-09-25,9.33,9.45,10855
SBI,2025-09-25,395.0,395.9,8475
NHPC,2025-09-25,204.0,200.0,78352
SMFBS,2025-09-25,1719.9,1715.0,729
PSF,2025-09-25,10.15,10.24,676700
MCHL,2025-09-25,521.0,530.0,2316
RURU,2025-09-25,724.0,719.6,6972
JBBL,2025-09-25,323.1,327.3,17199
KDBY,2025-09-25,8.94,9.3,33700
NIBSF2,2025-09-25,8.35,8.6,15896
NIBLGF,2025-09-25,8.5,8.56,5650
SIFCPO,2025-09-25,286.0,286.0,6000
SPIL,2025-09-25,721.5,718.8,23210
SJCL,2025-09-25,285.1,294.9,4690
MBL,2025-09-25,223.0,224.0,26621
NIFRAGED,2025-09-25,1000.0,1005.0,50
CBBL,2025-09-25,1001.0,1024.0,9775
JBLB,2025-09-25,1420.0,1446.0,4310
RAWA,2025-09-25,753.0,753.1,719
SMJC,2025-09-25,560.0,559.0,17176
SIFC,2025-09-25,516.9,511.0,9766
JSLBB,2025-09-25,1224.0,1225.0,20
DOLTI,2025-09-25,566.5,563.0,2079
SFEF,2025-09-25,9.2,9.25,21410
SEF,2025-09-25,9.22,9.29,20152
UNL,2025-09-25,49737.0,48743.0,124
CCBD88,2025-09-25,1140.0,1140.0,25
UAIL,2025-09-25,477.0,470.0,16072
SFCL,2025-09-25,425.0,434.0,16302
SBID83,2025-09-25,1114.9,1115.0,40
SMH,2025-09-25,910.0,889.8,166
NBLD87,2025-09-25,1111.5,1111.8,1573
AKJCL,2025-09-25,196.0,195.0,52609
MND84/85,2025-09-25,1120.0,1120.0,100
HEIP,2025-09-25,347.9,362.8,14960
USLB,2025-09-25,1890.0,1858.0,3529
NBL,2025-09-25,250.0,250.0,56399
TTL,2025-09-25,754.0,751.0,12833
SHLB,2025-09-25,1900.0,1954.0,354
NTC,2025-09-25,845.1,848.2,8106
UPCL,2025-09-25,390.0,382.1,82715
SMB,2025-09-25,2210.0,2238.0,1653
CYCL,2025-09-25,1600.0,1610.0,731
CORBL,2025-09-25,1989.4,1963.0,2567
BGWT,2025-09-25,885.0,873.0,1452
NICA,2025-09-25,330.1,331.2,24603
SAPDBL,2025-09-25,849.0,857.9,69046
SIKLES,2025-09-25,759.0,730.0,9599
SHL,2025-09-25,523.4,530.2,26208
NICLBSL,2025-09-25,573.0,573.0,2006
NLIC,2025-09-25,769.0,770.1,20218
ACLBSL,2025-09-25,1025.0,1024.0,483
C30MF,2025-09-25,9.05,9.25,21079
LEC,2025-09-25,207.0,208.0,75350
VLUCL,2025-09-25,638.5,608.0,12521
HDHPC,2025-09-25,187.0,186.0,59039
KBSH,2025-09-25,1854.0,1861.0,155
SGIC,2025-09-25,500.0,506.9,10520
SBCF,2025-09-25,9.3,9.18,56310
HEI,2025-09-25,521.0,524.0,11782
SARBTM,2025-09-25,875.0,883.0,10512
SWBBL,2025-09-25,855.0,835.0,4970
STC,2025-09-25,5380.0,5310.0,1121
SSHL,2025-09-25,181.3,181.1,48362
SRLI,2025-09-25,388.1,387.3,7601
AHPC,2025-09-25,293.9,292.0,99815
AHL,2025-09-25,637.0,657.9,10914
TRH,2025-09-25,840.0,839.0,2040
SNLI,2025-09-25,450.0,450.0,22718
LBLD86,2025-09-25,1142.4,1098.0,2
NMB,2025-09-25,250.0,248.4,20443
RIDI,2025-09-25,232.1,235.0,73136
GBILD86/87,2025-09-25,1063.0,1122.0,405
EHPL,2025-09-25,543.0,540.0,1987
MNMF1,2025-09-25,8.84,9.0,2300
BBC,2025-09-25,4974.0,5040.0,372
DHPL,2025-09-25,294.0,296.0,8063
MDB,2025-09-25,608.0,609.0,6223
EDBL,2025-09-25,645.7,615.0,4558
GMFIL,2025-09-25,478.5,479.9,5520
FOWAD,2025-09-25,1076.2,1090.0,1830
KDL,2025-09-25,985.0,998.9,913
NWCL,2025-09-25,836.0,840.0,724
GIBF1,2025-09-25,9.95,9.94,26230
HIMSTAR,2025-09-25,642.6,693.0,3810
RNLI,2025-09-25,460.0,461.9,18500
BHPL,2025-09-25,741.8,760.0,1290
RLFL,2025-09-25,445.2,448.0,7695
RMF1,2025-09-25,9.33,9.07,25400
API,2025-09-25,286.2,290.0,65656
RBBD2088,2025-09-25,1050.0,1066.0,1100
MMKJL,2025-09-25,684.4,675.0,19184
ILBS,2025-09-25,1184.0,1208.0,6053
MKCL,2025-09-25,1505.0,1522.0,4255
MHCL,2025-09-25,443.0,435.0,5463
RMF2,2025-09-25,9.3,9.2,22401
KSBBLD87,2025-09-25,1110.0,1110.0,100
NABIL,2025-09-25,523.0,521.6,28626
H8020,2025-09-25,10.5,10.52,11000
MEHL,2025-09-25,434.0,449.0,13644
ICFC,2025-09-25,663.0,661.0,5859
PBD88,2025-09-25,1150.0,1150.0,25
SMATA,2025-09-25,970.2,943.1,19226
BHDC,2025-09-25,600.6,578.0,36224
EBLD91,2025-09-25,1016.7,1019.1,150
MERO,2025-09-25,850.0,839.0,6255
HRL,2025-09-25,886.3,855.0,132240
MANDU,2025-09-25,820.0,832.0,420
BHL,2025-09-25,193.0,192.0,72903
HPPL,2025-09-25,457.0,455.0,18872
GBIMESY2,2025-09-25,8.81,8.9,700
IHL,2025-09-25,570.0,575.0,4452
GBLBS,2025-09-25,742.0,754.0,1922
PRVUPO,2025-09-25,100.9,100.9,5152
GRDBL,2025-09-25,1101.0,1116.0,15396
CMF2,2025-09-25,9.33,9.5,10190
NIMB,2025-09-25,207.5,206.0,38465
CIT,2025-09-25,1896.0,1905.0,8381
GMFBS,2025-09-25,1596.1,1600.0,130
NABILD87,2025-09-25,1148.0,1148.0,420
MHNL,2025-09-25,253.0,246.5,16730
ILI,2025-09-25,441.0,444.2,10035
LVF2,2025-09-25,9.0,9.24,2700
JFL,2025-09-25,446.0,448.9,2036
NCCD86,2025-09-25,1180.0,1161.0,1130
PURE,2025-09-25,795.0,799.0,3625
WNLB,2025-09-25,2100.0,2073.0,845
DDBL,2025-09-25,855.0,858.0,9779
NSIF2,2025-09-25,10.17,10.12,2300
CHDC,2025-09-25,2326.0,2342.0,24412
MHL,2025-09-25,511.9,499.9,26108
PFL,2025-09-25,400.0,395.1,7039
BEDC,2025-09-25,699.0,681.7,14580
PBLD87,2025-09-25,1049.0,1111.0,265
MKHC,2025-09-25,416.0,406.3,5554
RSY,2025-09-25,9.15,9.05,1500
NRN,2025-09-25,1980.0,1974.9,19094
MMF1,2025-09-25,8.57,8.75,30477
ALBSL,2025-09-25,1031.5,1036.0,7497
ICFCD83,2025-09-25,1190.0,1190.0,25
PHCL,2025-09-25,395.0,397.0,2330
EBLEB89,2025-09-25,1022.4,1022.4,25
GBIME,2025-09-25,245.0,247.0,52765
NRM,2025-09-25,430.2,439.0,27469
MAKAR,2025-09-25,624.4,622.0,7390
USHL,2025-09-25,755.0,741.2,3640
GFCL,2025-09-25,641.0,616.1,3964
GMLI,2025-09-25,1940.4,1984.0,836
GHL,2025-09-25,221.0,226.0,78410
CLI,2025-09-25,459.0,467.8,14296
UPPER,2025-09-25,189.0,187.1,44954
SCB,2025-09-25,628.5,624.1,28886
SPDL,2025-09-25,384.0,388.5,52319
TAMOR,2025-09-25,491.4,496.0,8122
SBLD2091,2025-09-25,1017.0,1041.4,900
GUFL,2025-09-25,513.0,507.9,1258
BARUN,2025-09-25,321.1,324.0,18462
MFLD85,2025-09-25,1106.0,1106.0,25
CGH,2025-09-25,920.0,934.9,29932
MFIL,2025-09-25,640.0,647.1,16724
KMCDB,2025-09-25,1040.0,1030.0,1183
PMLI,2025-09-25,477.8,482.0,5776
KEF,2025-09-25,9.22,9.0,11470
LBBL,2025-09-25,502.7,506.0,136389
SPHL,2025-09-25,558.0,537.0,7974
GVL,2025-09-25,525.0,532.0,33163
RADHI,2025-09-25,770.1,746.0,46845
NADEP,2025-09-25,780.1,786.0,1988
AVYAN,2025-09-25,985.0,1005.0,1634
HHL,2025-09-25,360.0,358.7,13131
NIBLSTF,2025-09-25,8.72,8.7,3900
VLBS,2025-09-25,801.0,807.0,1629
SADBL,2025-09-25,415.0,411.3,35263
RHGCL,2025-09-25,273.3,265.4,37436
DLBS,2025-09-25,1371.0,1422.9,1476
MSHL,2025-09-25,932.0,917.1,976
USHEC,2025-09-25,489.0,495.0,17263
DORDI,2025-09-25,237.0,236.5,59793
JOSHI,2025-09-25,318.0,317.0,27343
MEN,2025-09-25,625.0,625.5,43358
MNBBL,2025-09-25,456.7,459.5,77843
MEL,2025-09-25,285.3,294.0,11124
PCBL,2025-09-25,245.0,248.9,59963
LSL,2025-09-25,229.0,230.0,99514
RSDC,2025-09-25,660.0,659.9,15547
MKJC,2025-09-25,582.0,602.0,85168
NBF2,2025-09-25,9.8,10.17,53730
ALICL,2025-09-25,470.0,478.0,10683
ANLB,2025-09-25,6162.3,6244.0,939
MPFL,2025-09-25,574.9,562.0,5987
SLCF,2025-09-25,9.05,9.11,1000
SLBSL,2025-09-25,1450.0,1465.0,5901
SLBBL,2025-09-25,913.0,922.0,4667
KSY,2025-09-25,8.95,8.95,2010
ADBLD83,2025-09-25,1122.0,1122.0,140
IGI,2025-09-25,445.0,449.0,21969
ENL,2025-09-25,1000.0,990.0,791
NICSF,2025-09-25,9.0,8.86,2520
KPCL,2025-09-25,585.0,635.0,123995
RFPL,2025-09-25,355.0,350.2,16194
HBL,2025-09-25,194.8,201.5,60322
CHL,2025-09-25,255.0,267.2,41999
MBJC,2025-09-25,309.5,303.0,13104
MATRI,2025-09-25,995.1,996.0,764
ICFCD88,2025-09-25,1100.0,1105.0,80
NIL,2025-09-25,619.0,615.0,6517
PRSF,2025-09-25,10.1,10.18,143800
FMDBL,2025-09-25,833.0,830.0,21819
HDL,2025-09-25,1392.3,1363.0,40576
NIFRA,2025-09-25,272.0,272.0,141089
NMB50,2025-09-25,10.05,10.25,1000
NMLBBL,2025-09-25,650.0,649.0,2795
RBCL,2025-09-25,14910.0,15437.7,100
TPC,2025-09-25,335.2,337.0,4578
KKHC,2025-09-25,242.0,241.0,11491
HLBSL,2025-09-25,950.0,972.0,762
GCIL,2025-09-25,460.6,459.1,11031
MLBSL,2025-09-25,2190.0,2160.0,468
NICAD85/86,2025-09-25,1106.0,1130.0,5
KBL,2025-09-25,190.0,190.3,218413
GVL,2025-09-24,520.5,526.1,49700
GMFIL,2025-09-24,491.0,488.2,8961
AVYAN,2025-09-24,990.8,1000.0,1342
BARUN,2025-09-24,333.0,327.0,23042
JSLBB,2025-09-24,1206.0,1210.0,1066
CREST,2025-09-24,1076.0,1049.0,12756
SANVI,2025-09-24,617.0,609.9,12338
SJCL,2025-09-24,290.7,289.1,3583
MEN,2025-09-24,620.0,621.0,24724
PSF,2025-09-24,10.31,10.3,67710
MKJC,2025-09-24,601.5,585.0,59526
CLI,2025-09-24,448.0,468.0,16446
SRLI,2025-09-24,399.0,389.0,16963
RFPL,2025-09-24,367.0,357.0,20657
CHCL,2025-09-24,505.0,496.0,18374
AKJCL,2025-09-24,201.0,195.3,51286
GFCL,2025-09-24,635.0,629.0,9510
SEF,2025-09-24,9.28,9.1,67300
CMF2,2025-09-24,8.99,9.52,22920
ACLBSL,2025-09-24,1037.1,1032.0,857
MSHL,2025-09-24,901.6,934.0,1950
MNMF1,2025-09-24,9.1,9.02,2300
HEIP,2025-09-24,358.5,355.0,7139
EBLD91,2025-09-24,1015.0,1016.7,100
AHL,2025-09-24,664.0,650.0,9759
UPPER,2025-09-24,194.0,188.4,73886
ALBSL,2025-09-24,1030.0,1052.5,22450
RBCL,2025-09-24,15100.0,15210.0,115
GLBSL,2025-09-24,2091.0,2098.0,1376
DDBL,2025-09-24,854.7,852.0,6591
KDL,2025-09-24,1009.0,994.0,1020
HDHPC,2025-09-24,191.0,188.0,56639
LICN,2025-09-24,839.0,837.8,5119
MLBS,2025-09-24,1517.0,1570.4,371
ANLB,2025-09-24,6030.0,6288.0,527
GRDBL,2025-09-24,1151.0,1114.5,17928
GILB,2025-09-24,1305.0,1258.9,8224
KMCDB,2025-09-24,1030.0,1028.0,3226
KBSH,2025-09-24,1875.0,1870.0,100
GBLBS,2025-09-24,760.1,747.0,5350
BHDC,2025-09-24,595.0,588.9,71990
PCBL,2025-09-24,255.0,248.2,43061
MBL,2025-09-24,230.0,223.0,53296
SBI,2025-09-24,391.0,395.0,20603
MKHC,2025-09-24,398.0,408.0,5968
SHEL,2025-09-24,299.1,292.2,149583
RBCLPO,2025-09-24,13000.0,12901.0,115
GBIMESY2,2025-09-24,8.8,8.85,1100
KKHC,2025-09-24,245.0,242.0,11359
UAIL,2025-09-24,487.0,477.0,14687
RAWA,2025-09-24,765.0,768.0,4075
HHL,2025-09-24,364.0,353.0,15040
SIKLES,2025-09-24,774.0,760.0,9535
GIBF1,2025-09-24,9.71,9.76,21600
SIGS2,2025-09-24,9.07,9.58,68600
NSIF2,2025-09-24,10.13,10.0,7640
DLBS,2025-09-24,1390.0,1397.9,466
SIFC,2025-09-24,512.0,510.0,7754
NBLD82,2025-09-24,1105.0,1105.0,33
CBBL,2025-09-24,1030.0,1012.0,17362
BHL,2025-09-24,200.0,193.6,107851
CITY,2025-09-24,580.0,649.0,14778
DHPL,2025-09-24,297.2,300.0,5399
BBC,2025-09-24,5145.0,4969.0,646
CIT,2025-09-24,1910.5,1897.0,7714
NIMBPO,2025-09-24,162.0,165.0,2629
CHL,2025-09-24,264.1,258.7,38620
PFL,2025-09-24,406.0,400.0,4136
VLBS,2025-09-24,806.0,805.0,2950
BGWT,2025-09-24,871.3,885.0,2323
NRN,2025-09-24,2066.0,1966.0,43612
HATHY,2025-09-24,1020.0,990.0,9064
RADHI,2025-09-24,776.0,755.0,76306
PBD84,2025-09-24,1080.1,1100.0,25
HDL,2025-09-24,1352.5,1365.0,70897
BHPL,2025-09-24,729.0,756.9,2421
FOWAD,2025-09-24,1090.7,1095.0,1958
CGH,2025-09-24,933.0,933.9,27970
HPPL,2025-09-24,463.0,462.2,27749
MDB,2025-09-24,605.1,612.0,15855
SLBBL,2025-09-24,911.0,912.9,6699
SARBTM,2025-09-24,903.0,889.0,24387
LSL,2025-09-24,234.5,230.9,132557
ULHC,2025-09-24,465.1,479.9,6606
NICL,2025-09-24,570.0,550.0,3606
MHNL,2025-09-24,258.9,253.8,6284
MNBBL,2025-09-24,457.0,456.7,173277
NBF2,2025-09-24,9.6,9.98,81158
HLI,2025-09-24,394.9,391.0,23187
HLBSL,2025-09-24,960.0,969.0,3469
KSBBL,2025-09-24,486.9,475.0,61814
JBLB,2025-09-24,1420.1,1420.0,2539
CBLD88,2025-09-24,1185.0,1185.2,380
GHL,2025-09-24,224.0,221.0,53649
LVF2,2025-09-24,8.99,9.0,850
KSY,2025-09-24,8.92,8.95,1360
JBBL,2025-09-24,332.0,328.9,17612
CKHL,2025-09-24,645.0,660.0,6561
SLBSL,2025-09-24,1480.0,1478.9,3024
CFCL,2025-09-24,499.3,498.1,6872
IGI,2025-09-24,467.0,447.0,14116
ADBL,2025-09-24,321.5,316.0,28083
MKHL,2025-09-24,785.0,799.0,2908
NIL,2025-09-24,621.0,614.0,8858
HEI,2025-09-24,538.5,525.0,10770
AKPL,2025-09-24,255.8,256.2,83728
MHCL,2025-09-24,422.3,435.0,4982
HIDCL,2025-09-24,281.0,274.0,167531
MEHL,2025-09-24,429.5,441.0,4470
SCB,2025-09-24,634.0,632.0,15152
NABBC,2025-09-24,796.5,820.0,47682
MLBL,2025-09-24,390.0,383.2,33268
GLH,2025-09-24,264.0,258.0,14206
UNHPL,2025-09-24,470.0,474.3,463922
MFIL,2025-09-24,650.0,647.5,17811
H8020,2025-09-24,10.67,10.65,24633
BFC,2025-09-24,479.0,465.0,11069
JOSHI,2025-09-24,322.0,319.0,24094
IHL,2025-09-24,551.0,574.4,13039
ILI,2025-09-24,441.0,449.0,12795
MAKAR,2025-09-24,613.9,618.2,7450
KDBY,2025-09-24,9.0,9.12,5900
MLBSL,2025-09-24,2272.5,2149.0,714
LUK,2025-09-24,9.3,9.4,14850
BNHC,2025-09-24,490.0,494.0,5156
ICFCD88,2025-09-24,1080.0,1087.0,75
NBBD2085,2025-09-24,1138.3,1175.0,40
ILBS,2025-09-24,1180.0,1204.0,7075
SBID83,2025-09-24,1100.0,1100.0,129
API,2025-09-24,294.0,288.0,55215
MMKJL,2025-09-24,622.0,671.0,116595
ALICL,2025-09-24,475.0,475.0,7234
PPCL,2025-09-24,330.0,326.0,18778
NESDO,2025-09-24,1541.0,1530.0,997
MERO,2025-09-24,852.1,860.0,8885
BNT,2025-09-24,11200.0,11200.0,515
KEF,2025-09-24,9.21,9.04,2800
HRL,2025-09-24,890.0,869.0,152233
SPC,2025-09-24,500.0,514.0,17636
SWMF,2025-09-24,713.0,716.9,1202
MSLB,2025-09-24,1431.0,1440.0,1559
CHDC,2025-09-24,2410.0,2373.0,52845
CORBL,2025-09-24,2155.0,2030.0,7771
KPCL,2025-09-24,588.0,595.0,99386
SGHC,2025-09-24,351.0,341.0,7266
HIDCLP,2025-09-24,197.1,195.1,77418
ICFC,2025-09-24,665.0,658.5,7176
MLBBL,2025-09-24,1490.1,1511.9,990
BHCL,2025-09-24,449.8,461.0,36839
SIGS3,2025-09-24,9.5,9.37,4222
EDBL,2025-09-24,615.0,634.0,69289
NADEP,2025-09-24,800.0,790.0,1332
MCHL,2025-09-24,523.0,530.9,1835
LEC,2025-09-24,215.0,208.1,79829
HURJA,2025-09-24,235.0,225.6,40715
C30MF,2025-09-24,9.2,9.2,45725
RHGCL,2025-09-24,275.4,268.0,72345
GUFL,2025-09-24,521.0,510.0,4205
NGPL,2025-09-24,394.0,387.7,213473
BPCL,2025-09-24,810.6,763.0,85067
GSY,2025-09-24,9.0,9.0,1900
GMLI,2025-09-24,2016.0,1980.0,1595
NICLBSL,2025-09-24,569.0,574.0,2763
LBBL,2025-09-24,513.0,511.0,119181
KBL,2025-09-24,197.3,187.6,388127
PRIN,2025-09-24,713.5,720.0,9908
AHPC,2025-09-24,295.0,291.0,121635
MANDU,2025-09-24,838.0,834.0,1190
SAPDBL,2025-09-24,863.1,849.0,61452
EBL,2025-09-24,712.0,710.0,55779
NMLBBL,2025-09-24,667.0,658.0,1838
SHPC,2025-09-24,549.9,528.9,56683
RLFL,2025-09-24,450.0,450.0,9385
SINDU,2025-09-24,755.0,749.0,36410
NRIC,2025-09-24,1490.0,1467.0,117746
SMHL,2025-09-24,935.0,899.0,13558
NICA,2025-09-24,337.0,334.0,31306
NMBMF,2025-09-24,693.0,693.0,826
SMPDA,2025-09-24,930.0,918.7,7090
GBBL,2025-09-24,432.5,427.0,30583
EHPL,2025-09-24,536.0,543.0,2707
NICGF2,2025-09-24,8.65,8.67,2100
SMJC,2025-09-24,537.1,560.0,31425
MEL,2025-09-24,290.1,291.0,4646
NIFRAGED,2025-09-24,1005.0,1005.0,60
GBIME,2025-09-24,248.0,247.0,75438
NWCL,2025-09-24,877.9,849.9,1414
OHL,2025-09-24,732.0,731.0,5725
PRSF,2025-09-24,10.43,10.18,81680
PBD88,2025-09-24,1150.0,1173.0,130
STC,2025-09-24,5294.0,5277.6,1418
RIDI,2025-09-24,248.0,236.0,139449
SBD87,2025-09-24,1060.0,1060.0,25
SPDL,2025-09-24,397.5,390.5,59096
SPIL,2025-09-24,726.0,734.5,4415
DORDI,2025-09-24,240.0,236.8,68556
TVCL,2025-09-24,450.0,469.9,9467
SHLB,2025-09-24,1945.0,1917.0,538
SADBL,2025-09-24,418.0,410.3,45994
NICSF,2025-09-24,8.84,8.85,1415
PPL,2025-09-24,322.0,307.0,25269
NIBSF2,2025-09-24,8.49,8.51,13777
PBLD84,2025-09-24,1110.0,1110.0,50
TSHL,2025-09-24,826.0,811.9,5366
PRVUPO,2025-09-24,100.9,100.9,521868
RNLI,2025-09-24,470.0,468.5,56386
RMF1,2025-09-24,9.11,9.18,47361
MMF1,2025-09-24,8.78,8.57,32016
SPL,2025-09-24,996.0,990.0,2797
BEDC,2025-09-24,712.0,690.0,71618
GBBD85,2025-09-24,1077.0,1085.0,150
PRVU,2025-09-24,210.0,205.3,72250
ICFCD83,2025-09-24,1190.0,1195.0,340
NLIC,2025-09-24,773.0,769.0,21109
LBBLD89,2025-09-24,1190.0,1190.0,25
USHEC,2025-09-24,504.7,498.0,37487
LLBS,2025-09-24,994.1,975.0,424
HIMSTAR,2025-09-24,584.2,630.0,4010
PROFL,2025-09-24,497.5,495.0,1693
NUBL,2025-09-24,765.0,776.3,9802
SONA,2025-09-24,445.5,439.0,30693
NTC,2025-09-24,865.0,849.0,11110
SMB,2025-09-24,2193.5,2215.0,405
NLICL,2025-09-24,591.0,590.0,5131
SSHL,2025-09-24,187.0,183.8,51474
RHPL,2025-09-24,293.0,287.5,20820
NFS,2025-09-24,666.0,655.0,7686
NMB50,2025-09-24,10.1,10.05,16355
NICBF,2025-09-24,9.0,9.1,25600
SBD89,2025-09-24,1141.0,1141.0,25
MBJC,2025-09-24,303.0,303.5,19118
NIMB,2025-09-24,209.0,205.0,37879
NIBLSTF,2025-09-24,8.5,8.55,6860
RURU,2025-09-24,716.0,720.0,5071
HBL,2025-09-24,196.2,198.7,60114
UPCL,2025-09-24,387.0,387.5,230674
SHL,2025-09-24,540.0,532.0,32711
PHCL,2025-09-24,415.0,394.0,7118
MKCL,2025-09-24,1530.0,1522.0,7946
USHL,2025-09-24,784.0,741.0,3362
NMIC,2025-09-24,1199.0,1159.0,7365
TRH,2025-09-24,860.7,850.0,8148
SNLI,2025-09-24,448.0,451.0,8406
USLB,2025-09-24,2045.0,1898.0,3984
NMBHF2,2025-09-24,8.75,8.82,3450
SMATA,2025-09-24,935.9,990.0,25275
SAND2085,2025-09-24,1086.5,1086.5,50
RMF2,2025-09-24,9.12,9.12,100
NIBLGF,2025-09-24,8.77,8.6,30400
SPHL,2025-09-24,543.0,560.0,6921
SLCF,2025-09-24,9.31,9.22,1630
VLUCL,2025-09-24,590.0,626.0,51537
PURE,2025-09-24,804.9,795.0,5150
SHIVM,2025-09-24,606.9,596.8,184238
SFMF,2025-09-24,9.83,9.83,4000
NMBD87/88,2025-09-24,1086.3,1086.3,100
SAMAJ,2025-09-24,2765.0,2670.0,721
SICL,2025-09-24,658.0,652.1,9398
RBBD2088,2025-09-24,1040.0,1040.0,25
UMRH,2025-09-24,590.5,593.0,18834
NABIL,2025-09-24,525.0,522.0,59254
NBF3,2025-09-24,9.16,9.14,24985
NHDL,2025-09-24,712.0,692.6,6032
NIFRA,2025-09-24,275.0,270.4,234780
ENL,2025-09-24,998.0,990.0,300
NLG,2025-09-24,750.0,722.8,9237
UNL,2025-09-24,48745.0,49737.0,140
DOLTI,2025-09-24,543.0,578.0,12321
SBL,2025-09-24,365.0,357.6,41696
SAHAS,2025-09-24,646.0,640.0,81773
OMPL,2025-09-24,1214.0,1229.9,8975
SALICO,2025-09-24,607.4,614.0,4439
NYADI,2025-09-24,410.7,418.0,5058
SWBBL,2025-09-24,850.0,840.0,2056
SBID89,2025-09-24,1080.6,1087.0,50
TAMOR,2025-09-24,500.1,495.0,15616
MATRI,2025-09-24,975.0,1014.0,1191
SBLD2091,2025-09-24,1017.0,1017.0,80
PMHPL,2025-09-24,344.7,340.0,44714
MBLEF,2025-09-24,8.96,9.0,3300
SFCL,2025-09-24,439.0,425.0,11269
UMHL,2025-09-24,551.1,549.9,85537
NMB,2025-09-24,252.0,247.9,14717
TPC,2025-09-24,343.2,342.0,4575
TTL,2025-09-24,768.0,753.0,18540
UNLB,2025-09-24,2250.0,2235.0,720
RSDC,2025-09-24,670.0,670.0,19368
UHEWA,2025-09-24,584.0,592.5,33129
SHINE,2025-09-24,427.0,419.9,9776
SGIC,2025-09-24,505.8,507.9,21104
SAGF,2025-09-24,9.3,9.46,553
SANIMA,2025-09-24,343.0,335.0,107375
SBCF,2025-09-24,9.19,9.2,2160
NHPC,2025-09-24,208.0,200.1,66447
NICFC,2025-09-24,8.89,9.0,8015
MHL,2025-09-24,505.0,502.0,30371
NRM,2025-09-24,446.0,438.5,49324
NIMBD90,2025-09-24,1140.0,1140.0,25
JFL,2025-09-24,461.0,452.0,6043
RSY,2025-09-24,8.82,9.29,16330
SMFBS,2025-09-24,1691.0,1720.0,640
GMFBS,2025-09-24,1638.0,1627.6,1016
FMDBL,2025-09-24,850.0,838.0,35437
GCIL,2025-09-24,470.0,464.0,24354
MPFL,2025-09-24,565.0,568.8,6452
CYCL,2025-09-24,1591.0,1606.0,1724
WNLB,2025-09-24,2211.3,2122.0,895
ULBSL,2025-09-24,3550.0,3612.0,241
CCBD88,2025-09-24,1155.0,1150.0,50
NMFBS,2025-09-24,1296.0,1270.1,8682
SJLIC,2025-09-24,424.0,424.0,34496
PMLI,2025-09-24,477.0,484.4,5584
NBL,2025-09-24,254.0,249.0,40871
SMH,2025-09-24,894.0,895.9,1242
SKBBL,2025-09-24,890.0,892.8,22756
SFEF,2025-09-24,9.36,9.36,945
CZBIL,2025-09-24,203.1,202.8,31793
USHEC,2025-09-23,484.0,494.9,22749
UNHPL,2025-09-23,459.0,467.0,334625
ICFCD88,2025-09-23,1101.0,1100.0,136
RBCL,2025-09-23,14800.0,15400.0,708
GBBD85,2025-09-23,1065.0,1076.0,90
UMHL,2025-09-23,556.1,555.9,69310
MANDU,2025-09-23,825.0,834.0,2377
USHL,2025-09-23,736.0,769.0,4215
PRVUPO,2025-09-23,102.9,102.9,3378
SBI,2025-09-23,391.5,392.7,20379
SHEL,2025-09-23,303.0,299.1,185969
MNMF1,2025-09-23,8.9,9.1,7450
SIGS3,2025-09-23,9.2,9.33,8520
CREST,2025-09-23,1070.0,1074.0,15933
CLI,2025-09-23,444.0,456.7,15528
ADBLD83,2025-09-23,1100.0,1100.0,20
SLCF,2025-09-23,8.87,9.22,33717
SEF,2025-09-23,9.18,9.28,81775
HIDCL,2025-09-23,279.3,281.0,189939
SWBBL,2025-09-23,822.0,854.0,6916
CIT,2025-09-23,1901.0,1917.0,8577
CORBL,2025-09-23,1941.0,2114.0,13120
VLUCL,2025-09-23,525.1,580.0,21478
GIBF1,2025-09-23,9.38,9.68,55200
NICA,2025-09-23,335.0,336.8,49990
NABIL,2025-09-23,516.9,523.5,55373
VLBS,2025-09-23,815.0,822.0,3177
SHPC,2025-09-23,540.0,546.0,78936
NICL,2025-09-23,523.0,561.0,17080
GLBSL,2025-09-23,2079.0,2130.0,788
LSL,2025-09-23,230.0,231.9,77328
GCIL,2025-09-23,465.0,470.0,28250
SMATA,2025-09-23,930.1,955.0,27753
SAPDBL,2025-09-23,784.6,846.2,43178
SGIC,2025-09-23,496.0,510.0,30743
SMPDA,2025-09-23,900.0,928.6,3422
HDL,2025-09-23,1404.5,1380.1,131212
MBL,2025-09-23,233.0,228.0,64552
PRIN,2025-09-23,680.0,713.5,14999
DOLTI,2025-09-23,536.0,550.1,6358
MATRI,2025-09-23,1003.0,985.0,2031
KBLD86,2025-09-23,1125.0,1112.1,60
GMFIL,2025-09-23,469.0,484.9,9275
PFL,2025-09-23,400.0,405.0,14919
EDBL,2025-09-23,616.5,625.0,10312
NHPC,2025-09-23,200.3,205.5,92836
API,2025-09-23,291.8,291.9,127915
IHL,2025-09-23,527.1,562.0,7553
BOKD86,2025-09-23,1080.0,1080.0,25
PPCL,2025-09-23,327.4,333.9,18307
NBL,2025-09-23,254.0,250.0,69210
NABBC,2025-09-23,724.1,812.7,79334
TVCL,2025-09-23,456.9,454.5,6947
RURU,2025-09-23,690.0,726.0,8028
SMFBS,2025-09-23,1709.0,1720.0,2011
MEN,2025-09-23,616.0,625.9,60609
NIBSF2,2025-09-23,8.83,8.66,13100
EHPL,2025-09-23,538.0,546.9,3001
ILBS,2025-09-23,1193.0,1201.0,18467
NIBLGF,2025-09-23,8.44,8.94,11272
BFC,2025-09-23,465.0,472.0,7792
DORDI,2025-09-23,234.0,238.2,80547
TPC,2025-09-23,339.9,349.9,8796
NIMBPO,2025-09-23,162.8,164.0,14147
ICFCD83,2025-09-23,1210.3,1195.0,425
SAHAS,2025-09-23,640.5,646.1,178202
SRLI,2025-09-23,384.0,394.0,19787
CKHL,2025-09-23,620.0,658.0,2545
H8020,2025-09-23,10.58,10.47,14253
LVF2,2025-09-23,9.16,9.02,1030
GILB,2025-09-23,1210.6,1289.0,4161
SIKLES,2025-09-23,729.9,774.0,8635
WNLB,2025-09-23,2116.0,2168.0,970
NICBF,2025-09-23,8.94,9.0,8200
NIL,2025-09-23,595.2,627.0,17972
NYADI,2025-09-23,404.0,419.0,14879
MKHL,2025-09-23,757.7,785.0,1665
BARUN,2025-09-23,326.0,333.0,50717
SFCL,2025-09-23,447.6,432.9,21524
HURJA,2025-09-23,229.0,233.8,58360
KBL,2025-09-23,192.0,193.5,329851
RSDC,2025-09-23,650.0,683.0,35831
UPCL,2025-09-23,408.9,414.5,445580
CMF2,2025-09-23,8.81,8.82,1700
USLB,2025-09-23,1938.0,2006.0,10044
MNBBL,2025-09-23,455.9,457.0,156849
GMFBS,2025-09-23,1638.9,1671.0,2172
UMRH,2025-09-23,580.0,598.8,7388
RBCLPO,2025-09-23,12842.0,13240.0,323
BPCL,2025-09-23,793.4,794.8,126602
HEI,2025-09-23,528.0,537.0,16183
NABILD87,2025-09-23,1100.0,1130.0,203
JFL,2025-09-23,445.7,452.0,13623
PPL,2025-09-23,295.0,319.1,55219
SPHL,2025-09-23,514.0,554.0,10716
AKPL,2025-09-23,258.0,261.0,139236
MBLEF,2025-09-23,8.9,9.02,2050
GSY,2025-09-23,8.91,9.18,3400
NIBLSTF,2025-09-23,8.81,8.65,4625
SWMF,2025-09-23,722.0,720.0,982
MEHL,2025-09-23,425.0,438.0,10292
LEC,2025-09-23,212.5,214.0,160803
GBIMESY2,2025-09-23,8.8,8.96,4390
PRVU,2025-09-23,206.8,208.1,117131
CCBD88,2025-09-23,1140.0,1137.0,100
CFCL,2025-09-23,507.0,507.0,9306
MMKJL,2025-09-23,581.7,610.0,11830
SMHL,2025-09-23,865.0,917.9,31315
NICSF,2025-09-23,8.85,9.02,7800
UPPER,2025-09-23,184.0,192.4,145187
CGH,2025-09-23,898.1,933.0,51005
SKBBL,2025-09-23,890.0,900.0,22738
SONA,2025-09-23,440.0,445.5,34176
PSF,2025-09-23,10.15,10.31,7300
GBBL,2025-09-23,420.0,433.0,28135
ALBSL,2025-09-23,1020.0,1048.0,8735
SBL,2025-09-23,366.0,362.0,45749
SPIL,2025-09-23,725.0,740.0,15804
RLFL,2025-09-23,453.0,457.0,18081
BGWT,2025-09-23,899.0,886.3,1387
EBLEB89,2025-09-23,1002.4,1002.4,25
UNLB,2025-09-23,2094.0,2220.0,826
NMB,2025-09-23,247.0,249.0,41458
SMJC,2025-09-23,530.0,548.0,12913
MHNL,2025-09-23,245.5,254.9,16837
CYCL,2025-09-23,1612.9,1620.0,2971
NFS,2025-09-23,655.0,671.0,21574
EBLD91,2025-09-23,1009.1,1012.1,185
STC,2025-09-23,5407.0,5400.0,4310
NIFRA,2025-09-23,270.0,274.8,150440
SAGF,2025-09-23,9.26,9.28,44908
EBL,2025-09-23,705.0,712.0,48632
PRSF,2025-09-23,10.49,10.24,127600
MPFL,2025-09-23,571.9,574.8,12255
SPC,2025-09-23,503.9,508.0,11282
PROFL,2025-09-23,488.64,496.1,14245
PMLI,2025-09-23,465.0,485.0,10850
MMF1,2025-09-23,8.56,8.62,111704
SCB,2025-09-23,629.5,634.0,16046
NHDL,2025-09-23,680.0,711.9,6390
FOWAD,2025-09-23,1100.0,1103.0,2132
CITY,2025-09-23,590.0,590.0,6645
UHEWA,2025-09-23,551.2,585.7,23510
SHL,2025-09-23,521.0,537.1,37955
KSY,2025-09-23,8.82,9.0,2000
NMIC,2025-09-23,1131.0,1191.3,10937
NRIC,2025-09-23,1490.0,1518.0,256583
NICD83/84,2025-09-23,1080.0,1080.0,50
HHL,2025-09-23,352.0,364.0,49895
SAMAJ,2025-09-23,2828.0,2750.0,2378
HBLD86,2025-09-23,1130.0,1130.0,25
RBBD2088,2025-09-23,1042.0,1040.0,225
SMB,2025-09-23,2121.0,2238.0,1902
AVYAN,2025-09-23,999.91,1011.0,2205
IGI,2025-09-23,450.0,460.0,33199
NWCL,2025-09-23,800.0,861.0,1720
SINDU,2025-09-23,693.3,747.7,55207
SMH,2025-09-23,840.0,889.0,4572
SBID83,2025-09-23,1073.0,1094.0,94
GRDBL,2025-09-23,1066.5,1150.1,44108
ULBSL,2025-09-23,3570.9,3601.0,2011
NICFC,2025-09-23,8.93,8.92,1200
NMLBBL,2025-09-23,648.0,654.0,9515
KSBBLP,2025-09-23,165.7,165.7,1702
FMDBL,2025-09-23,832.0,865.0,62194
KBSH,2025-09-23,1820.0,1889.0,324
MKHC,2025-09-23,400.0,404.9,6450
GWFD83,2025-09-23,1200.0,1200.0,492
KEF,2025-09-23,8.7,9.22,2000
KKHC,2025-09-23,240.0,247.5,13130
JSLBB,2025-09-23,1217.0,1230.0,610
MSLB,2025-09-23,1411.5,1455.0,2826
MLBBL,2025-09-23,1470.0,1519.0,1557
NGPL,2025-09-23,391.0,394.0,193147
PCBL,2025-09-23,249.0,251.3,68899
RHPL,2025-09-23,292.7,293.0,33433
SJCL,2025-09-23,290.0,293.9,6309
GVL,2025-09-23,518.0,530.0,51225
GBIME,2025-09-23,248.1,247.9,100523
UNL,2025-09-23,47500.0,47790.0,20
OHL,2025-09-23,718.0,732.5,16384
LBBL,2025-09-23,512.0,519.1,119641
MLBS,2025-09-23,1540.0,1542.3,811
RMF2,2025-09-23,8.82,9.18,800
RSY,2025-09-23,8.77,8.97,4900
NUBL,2025-09-23,758.0,776.0,10470
KDBY,2025-09-23,8.94,9.04,7385
ALICL,2025-09-23,481.0,478.0,13364
MHL,2025-09-23,489.0,508.1,30930
ILI,2025-09-23,435.0,440.5,13269
ULHC,2025-09-23,457.5,473.0,16349
SHLB,2025-09-23,1826.0,1932.0,572
DDBL,2025-09-23,840.0,867.8,5679
NICAD85/86,2025-09-23,1136.0,1106.0,80
MHCL,2025-09-23,416.0,427.0,4734
MDB,2025-09-23,610.0,617.0,26424
SBID89,2025-09-23,1086.0,1059.5,225
PURE,2025-09-23,780.0,791.7,8266
AHL,2025-09-23,606.0,676.5,9255
RMF1,2025-09-23,9.31,9.28,11048
PBD84,2025-09-23,1102.0,1102.0,25
NSIF2,2025-09-23,9.75,9.94,2050
NICLBSL,2025-09-23,553.0,580.6,5655
HIDCLP,2025-09-23,193.0,197.9,111478
KPCL,2025-09-23,557.1,600.0,87582
NICGF2,2025-09-23,8.84,8.82,3226
MFIL,2025-09-23,665.9,661.0,18261
RNLI,2025-09-23,447.0,467.0,96077
SICL,2025-09-23,636.9,657.7,21715
RADHI,2025-09-23,740.0,761.0,105869
SSHL,2025-09-23,176.0,187.6,124695
TRH,2025-09-23,850.0,860.0,6220
BHL,2025-09-23,187.3,199.2,283139
TAMOR,2025-09-23,485.0,507.0,10909
HLBSL,2025-09-23,976.0,953.0,4685
RAWA,2025-09-23,743.5,771.0,2020
NMBHF2,2025-09-23,8.6,8.76,2710
TSHL,2025-09-23,788.3,834.1,8119
CHL,2025-09-23,245.6,263.9,71519
C30MF,2025-09-23,9.23,9.2,21044
KDL,2025-09-23,956.0,999.0,1045
LLBS,2025-09-23,997.7,994.1,717
RHGCL,2025-09-23,272.0,281.0,37131
HIMSTAR,2025-09-23,531.2,572.8,2710
GBLBS,2025-09-23,746.0,760.1,3484
SBLD2091,2025-09-23,1000.0,1016.4,1004
GMLI,2025-09-23,1992.0,2049.9,4416
NMBMF,2025-09-23,703.0,701.0,2550
NBF2,2025-09-23,9.75,9.6,8770
SIGS2,2025-09-23,9.24,9.24,500
PBLD84,2025-09-23,1107.2,1107.2,50
LBBLD89,2025-09-23,1210.0,1205.0,75
BNL,2025-09-23,15800.0,15700.0,20
BBC,2025-09-23,5058.0,5050.0,527
SPL,2025-09-23,920.9,977.0,1849
LICN,2025-09-23,843.4,839.0,12238
PBD88,2025-09-23,1170.0,1173.0,240
SNLI,2025-09-23,445.0,455.0,17962
CBBL,2025-09-23,990.0,1020.0,29479
ADBL,2025-09-23,317.0,317.0,61925
NBF3,2025-09-23,9.17,9.19,36871
SPDL,2025-09-23,398.0,397.0,60954
NTC,2025-09-23,845.0,854.0,17191
GLH,2025-09-23,255.7,261.0,35891
BHDC,2025-09-23,572.4,590.0,62169
SALICO,2025-09-23,595.0,618.0,10425
NESDO,2025-09-23,1501.0,1540.0,637
GFCL,2025-09-23,617.1,640.0,20737
MERO,2025-09-23,825.0,866.0,24460
SBD89,2025-09-23,1149.0,1150.0,100
NIFRAGED,2025-09-23,1000.0,1000.0,75
HRL,2025-09-23,875.0,890.0,177381
MEL,2025-09-23,290.0,295.9,14951
OMPL,2025-09-23,1152.0,1214.5,9280
MAKAR,2025-09-23,570.0,602.8,4920
CHDC,2025-09-23,2348.9,2448.0,31425
GUFL,2025-09-23,509.4,512.0,5474
KMCDB,2025-09-23,1050.0,1029.7,3615
BNT,2025-09-23,11220.0,11200.0,188
SLBBL,2025-09-23,905.0,923.0,6459
NADEP,2025-09-23,785.0,800.0,3148
MKCL,2025-09-23,1500.0,1555.9,8240
SIFC,2025-09-23,517.0,519.9,16344
PMHPL,2025-09-23,346.0,351.6,54116
HDHPC,2025-09-23,185.1,190.8,156227
RFPL,2025-09-23,352.8,367.0,34872
NMB50,2025-09-23,10.1,10.1,3100
SARBTM,2025-09-23,897.9,903.0,35906
BNHC,2025-09-23,489.4,498.0,4969
MKJC,2025-09-23,572.0,599.0,61113
SJLIC,2025-09-23,420.0,429.0,21740
NIMBD90,2025-09-23,1160.0,1160.0,130
ANLB,2025-09-23,6000.0,6145.0,395
HEIP,2025-09-23,358.0,355.0,1974
MBJC,2025-09-23,299.5,307.9,26805
JOSHI,2025-09-23,290.1,315.8,49780
NLICL,2025-09-23,570.0,595.0,22765
SLBSL,2025-09-23,1525.0,1499.3,4150
HATHY,2025-09-23,1004.0,1020.0,8041
ICFC,2025-09-23,667.0,675.0,14613
SBD87,2025-09-23,1061.0,1061.0,25
MLBSL,2025-09-23,2032.0,2228.0,2131
MSHL,2025-09-23,920.0,911.2,4879
TTL,2025-09-23,730.6,768.0,24224
CBLD88,2025-09-23,1126.0,1162.0,425
SHIVM,2025-09-23,596.9,606.9,275332
BHPL,2025-09-23,707.8,718.0,2558
BHCL,2025-09-23,437.0,449.8,40917
CIZBD90,2025-09-23,1123.7,1123.7,25
UAIL,2025-09-23,460.0,487.1,32716
HPPL,2025-09-23,459.0,465.1,26640
SFEF,2025-09-23,9.18,9.25,55016
SBCF,2025-09-23,9.01,9.05,11400
ACLBSL,2025-09-23,1044.0,1057.9,1481
JBLB,2025-09-23,1391.0,1420.1,7855
SGHC,2025-09-23,342.0,346.1,8151
HLI,2025-09-23,381.0,394.9,33892
DLBS,2025-09-23,1410.0,1390.0,1271
RIDI,2025-09-23,233.0,245.0,175131
BEDC,2025-09-23,647.0,698.1,15314
HBL,2025-09-23,198.0,200.1,81131
AHPC,2025-09-23,290.0,291.9,191653
MCHL,2025-09-23,511.9,532.0,3466
SHINE,2025-09-23,410.1,424.0,45134
MLBL,2025-09-23,390.0,390.0,64170
AKJCL,2025-09-23,192.0,199.9,111578
NRN,2025-09-23,2032.0,2027.0,51350
SANVI,2025-09-23,600.0,615.7,20026
CZBIL,2025-09-23,206.9,206.0,49608
SANIMA,2025-09-23,334.0,343.0,150053
PHCL,2025-09-23,394.0,407.0,7630
NLIC,2025-09-23,752.0,778.0,31419
LUK,2025-09-23,9.34,9.12,3560
NMFBS,2025-09-23,1300.0,1294.5,2841
NBLD85,2025-09-23,1075.0,1075.0,95
KSBBL,2025-09-23,518.0,525.5,177163
ENL,2025-09-23,962.0,998.0,1483
JBBL,2025-09-23,330.0,332.0,38954
SADBL,2025-09-23,406.1,424.8,54309
NIFRAUR85/86,2025-09-23,1010.0,1010.0,30
NLG,2025-09-23,729.0,742.0,35292
NRM,2025-09-23,430.0,450.0,76480
SFMF,2025-09-23,9.64,9.64,32500
GHL,2025-09-23,220.0,224.0,78980
NIMB,2025-09-23,208.5,205.0,93227
SDBD87,2025-09-23,1058.5,1069.2,50
CHCL,2025-09-23,500.0,502.2,41659
DHPL,2025-09-23,300.0,302.6,16749
SHEL,2025-09-21,275.0,297.12,320428
SBIBD86,2025-09-21,1146.0,1146.0,100
KBSH,2025-09-21,1750.0,1826.0,662
MBJC,2025-09-21,285.0,299.2,45736
NLG,2025-09-21,696.8,715.09,77846
NBLD87,2025-09-21,1090.0,1090.0,25
SMJC,2025-09-21,516.0,530.69,43584
KSBBL,2025-09-21,490.0,514.59,104692
PSF,2025-09-21,10.45,10.29,78500
RBCL,2025-09-21,15568.3,14997.79,727
NCCD86,2025-09-21,1120.0,1165.2,1954
NMBD2085,2025-09-21,1130.0,1130.0,250
GRDBL,2025-09-21,969.6,1045.6,37385
ULBSL,2025-09-21,3590.8,3591.19,1597
RBBD2088,2025-09-21,1030.0,1063.0,659
RSY,2025-09-21,8.79,8.94,1900
KEF,2025-09-21,8.77,8.7,5700
DLBS,2025-09-21,1409.0,1408.67,1458
MAKAR,2025-09-21,541.0,575.06,6420
TTL,2025-09-21,678.6,745.42,36725
MFIL,2025-09-21,608.5,652.94,27716
HBL,2025-09-21,184.0,198.29,138336
TSHL,2025-09-21,721.7,772.88,3624
RFPL,2025-09-21,309.0,345.89,45734
RMF1,2025-09-21,9.14,9.13,49110
PFL,2025-09-21,385.0,399.75,26605
KDL,2025-09-21,935.0,955.92,4981
SMB,2025-09-21,2106.0,2105.81,1897
KPCL,2025-09-21,501.0,546.25,64089
PROFL,2025-09-21,457.0,488.64,24949
GCIL,2025-09-21,432.2,469.87,56321
BFC,2025-09-21,411.5,456.39,27520
MHL,2025-09-21,450.0,483.64,41577
NABILD87,2025-09-21,1100.0,1121.91,305
NSIF2,2025-09-21,10.0,9.93,100839
MBLEF,2025-09-21,8.63,9.0,5300
GLBSL,2025-09-21,1950.0,2038.37,3634
FOWAD,2025-09-21,1047.0,1083.21,5994
DORDI,2025-09-21,217.0,230.68,164277
RURU,2025-09-21,640.0,697.43,10739
NIBD84,2025-09-21,1045.2,1071.0,245
MNMF1,2025-09-21,8.68,9.02,7270
GHL,2025-09-21,208.0,218.33,105234
MEN,2025-09-21,581.0,618.14,105202
RLFL,2025-09-21,425.4,452.41,25564
KKHC,2025-09-21,230.0,243.83,26986
BEDC,2025-09-21,565.5,634.7,11389
PRVU,2025-09-21,188.0,205.26,182799
SJCL,2025-09-21,277.8,289.28,13862
SFMF,2025-09-21,9.55,9.67,111672
EDBL,2025-09-21,580.0,605.63,33219
NICFC,2025-09-21,9.0,9.1,6055
GBILD84/85,2025-09-21,1162.0,1162.0,25
BHDC,2025-09-21,540.0,561.21,80627
BHPL,2025-09-21,651.0,694.0,4102
NBBD2085,2025-09-21,1116.0,1116.0,75
CLI,2025-09-21,412.0,444.12,40268
BPCL,2025-09-21,727.1,777.87,181085
CBBLPO,2025-09-21,391.25,391.25,142290
NICLBSL,2025-09-21,542.0,563.22,8463
SHIVM,2025-09-21,532.0,585.2,474462
HURJA,2025-09-21,206.0,226.87,108067
CIT,2025-09-21,1730.8,1893.62,19685
BHCL,2025-09-21,410.0,437.52,45519
MANDU,2025-09-21,766.5,809.14,6888
BGWT,2025-09-21,833.0,881.77,4631
SIGS2,2025-09-21,9.07,9.06,3100
HEI,2025-09-21,550.0,528.33,73204
SBCF,2025-09-21,9.0,9.18,55840
HIDCLP,2025-09-21,178.0,195.29,312343
KSBBLD87,2025-09-21,1090.0,1090.0,200
NMFBS,2025-09-21,1267.2,1303.77,21173
MBL,2025-09-21,225.0,229.92,147003
NTC,2025-09-21,805.0,838.6,39385
NRN,2025-09-21,1850.0,1992.8,87184
NESDO,2025-09-21,1430.0,1500.0,1434
SANVI,2025-09-21,545.0,588.71,33380
RADHI,2025-09-21,694.9,740.92,157100
MKHC,2025-09-21,365.0,402.76,14234
MLBS,2025-09-21,1468.0,1537.57,2239
SMPDA,2025-09-21,855.0,900.84,7255
ILI,2025-09-21,411.0,435.91,33815
DOLTI,2025-09-21,512.0,535.21,7919
SPIL,2025-09-21,776.2,731.47,45150
LLBS,2025-09-21,969.0,980.69,1384
SMFBS,2025-09-21,1613.5,1679.19,1643
NBF3,2025-09-21,8.99,9.17,79635
NICSF,2025-09-21,8.8,8.87,21200
SMATA,2025-09-21,950.0,948.98,27279
LICN,2025-09-21,773.0,826.93,16213
SWMF,2025-09-21,678.7,712.19,10454
HPPL,2025-09-21,411.1,453.64,52651
NBLD85,2025-09-21,1090.0,1095.0,550
HLBSL,2025-09-21,919.0,963.0,2743
WNLB,2025-09-21,1907.0,2074.88,2155
RAWA,2025-09-21,763.3,758.62,3987
LBBLD89,2025-09-21,1189.0,1189.0,100
SPHL,2025-09-21,497.0,504.41,13005
SGIC,2025-09-21,505.0,498.05,82276
ENL,2025-09-21,980.0,980.57,1225
KBL,2025-09-21,175.5,189.75,914036
USLB,2025-09-21,1729.8,1900.56,13630
GLH,2025-09-21,227.4,253.02,71076
C30MF,2025-09-21,9.01,9.05,58700
GILB,2025-09-21,1132.0,1209.66,7991
SCBD,2025-09-21,1115.0,1115.0,25
NIMB,2025-09-21,189.2,204.45,139811
NICGF2,2025-09-21,8.7,8.67,2920
EBL,2025-09-21,672.0,704.96,200039
CBLD88,2025-09-21,1128.0,1140.0,75
PHCL,2025-09-21,370.0,395.64,14780
MDB,2025-09-21,563.5,603.82,43228
UNLB,2025-09-21,1928.7,2054.12,5578
NHDL,2025-09-21,640.0,670.76,8196
CHCL,2025-09-21,460.0,491.68,85259
ICFC,2025-09-21,620.4,661.6,24503
SAMAJ,2025-09-21,2716.3,2773.36,1125
USHEC,2025-09-21,451.9,483.22,39104
KDBY,2025-09-21,9.02,9.12,3200
GFCL,2025-09-21,550.0,605.0,19904
BNHC,2025-09-21,457.0,480.64,9277
NUBL,2025-09-21,731.1,757.52,19346
MATRI,2025-09-21,971.0,983.8,2361
IGI,2025-09-21,453.8,444.28,118315
MNBBLP,2025-09-21,245.9,245.9,25000
NICA,2025-09-21,310.5,331.42,108087
NADEP,2025-09-21,751.0,781.28,4618
MHCL,2025-09-21,403.6,419.76,9478
SBL,2025-09-21,356.8,361.04,145988
UPPER,2025-09-21,166.0,185.99,360644
CKHL,2025-09-21,606.0,626.33,5017
GSY,2025-09-21,8.75,9.09,36300
LBLD88,2025-09-21,1045.1,1045.1,25
MNBBL,2025-09-21,426.0,450.84,270887
NIBLSTF,2025-09-21,8.46,8.98,6900
HIDCL,2025-09-21,245.3,273.91,268607
NMLBBL,2025-09-21,602.0,638.72,11015
PBD85,2025-09-21,1089.0,1074.0,275
MEHL,2025-09-21,383.0,425.09,11003
GBIMESY2,2025-09-21,8.94,8.96,2300
CFCL,2025-09-21,458.0,500.05,13294
MPFL,2025-09-21,514.5,562.07,19377
EHPL,2025-09-21,516.0,530.6,7551
GBBD85,2025-09-21,1073.0,1064.0,75
RHGCL,2025-09-21,250.0,266.99,45354
SBD87,2025-09-21,1070.0,1055.0,125
CITY,2025-09-21,564.0,587.73,20846
RBCLPO,2025-09-21,12642.0,12590.33,641
SIFC,2025-09-21,491.0,510.54,26452
RBBD83,2025-09-21,1055.0,1055.0,50
LEC,2025-09-21,194.0,208.39,328935
SFEF,2025-09-21,9.05,9.0,56100
OMPL,2025-09-21,1099.0,1167.24,16052
PBD84,2025-09-21,1118.0,1118.0,10
CMF2,2025-09-21,9.17,8.64,61300
MKHL,2025-09-21,730.0,773.12,6886
PMHPL,2025-09-21,323.4,339.31,90239
SSHL,2025-09-21,156.0,174.3,210433
SMH,2025-09-21,831.0,824.0,3264
KSY,2025-09-21,9.1,9.0,1400
JFL,2025-09-21,403.0,438.02,22030
AVYAN,2025-09-21,994.0,999.91,4567
RNLI,2025-09-21,416.0,447.89,53038
NBL,2025-09-21,225.4,249.03,125787
SAPDBL,2025-09-21,686.0,769.3,86361
ILBS,2025-09-21,1250.0,1214.71,11970
RIDI,2025-09-21,204.9,229.76,151702
SJLIC,2025-09-21,390.0,417.93,48136
SPL,2025-09-21,855.0,902.89,3261
NIFRA,2025-09-21,254.0,271.42,248763
LSL,2025-09-21,215.0,230.85,107158
AKPL,2025-09-21,234.0,254.61,331530
NMBMF,2025-09-21,677.0,693.45,3549
PBLD86,2025-09-21,1120.0,1100.2,60
SEF,2025-09-21,9.15,9.0,97845
CZBIL,2025-09-21,197.0,204.38,130062
LBLD86,2025-09-21,1120.0,1142.4,5
LBBL,2025-09-21,489.1,514.71,344982
CYCL,2025-09-21,1532.0,1581.58,3966
HDL,2025-09-21,1280.0,1376.98,178470
TPC,2025-09-21,305.0,333.34,12088
SICL,2025-09-21,641.2,624.84,79980
MMF1,2025-09-21,8.58,8.4,119925
GMFIL,2025-09-21,445.5,461.9,18238
UMHL,2025-09-21,531.2,557.9,143556
SGHC,2025-09-21,324.0,335.32,20860
TVCL,2025-09-21,431.2,448.5,11788
H8020,2025-09-21,10.56,10.79,35649
HDHPC,2025-09-21,162.0,181.5,222341
UMRH,2025-09-21,564.5,579.53,32270
SPC,2025-09-21,482.0,495.73,17696
SRLI,2025-09-21,371.1,384.61,49419
AHL,2025-09-21,605.0,615.08,10903
ALBSL,2025-09-21,1025.5,1034.61,22277
SIKLES,2025-09-21,652.0,715.59,11366
RHPL,2025-09-21,273.0,287.02,75381
CORBL,2025-09-21,1799.1,1940.02,8859
PRSF,2025-09-21,10.7,10.7,100
OHL,2025-09-21,700.0,718.36,15364
API,2025-09-21,260.5,286.1,228050
SINDU,2025-09-21,618.0,679.8,42063
BNL,2025-09-21,15800.0,15800.0,10
AHPC,2025-09-21,268.0,288.85,272691
SKBBL,2025-09-21,813.0,876.12,43296
MLBSL,2025-09-21,2050.0,2032.87,1889
BNT,2025-09-21,10997.6,11000.66,523
PPCL,2025-09-21,302.8,327.93,20947
NHPC,2025-09-21,179.0,196.4,118095
HATHY,2025-09-21,902.0,1003.27,22076
DHPL,2025-09-21,272.5,298.99,30233
HLI,2025-09-21,354.8,382.84,70270
GBIMEP,2025-09-21,102.0,102.0,7554
AKJCL,2025-09-21,173.0,190.3,159569
SHLB,2025-09-21,1710.1,1825.49,1596
VLBS,2025-09-21,781.4,811.36,6855
BARUN,2025-09-21,292.1,320.56,79574
NYADI,2025-09-21,377.3,404.0,19232
MSHL,2025-09-21,875.0,920.66,4330
USHL,2025-09-21,710.7,734.73,7181
CHDC,2025-09-21,2200.1,2396.83,100655
PBD88,2025-09-21,1133.0,1150.0,240
CCBD88,2025-09-21,1160.0,1162.8,55
SONA,2025-09-21,413.6,441.53,98901
MKJC,2025-09-21,560.0,578.44,66622
GBIME,2025-09-21,225.0,243.33,233979
SARBTM,2025-09-21,810.0,881.2,79939
MSLB,2025-09-21,1482.0,1440.3,4069
SBI,2025-09-21,370.0,384.03,25820
JOSHI,2025-09-21,256.0,287.1,44557
NMIC,2025-09-21,1058.4,1131.0,16809
MKCL,2025-09-21,1407.0,1508.89,11243
MMKJL,2025-09-21,565.0,570.36,5598
DDBL,2025-09-21,812.0,842.58,10877
CGH,2025-09-21,870.3,892.08,123737
HEIP,2025-09-21,360.5,358.0,19810
UPCL,2025-09-21,380.0,404.26,294444
GBLBS,2025-09-21,710.0,745.27,9433
JBBL,2025-09-21,304.0,328.8,72830
UNL,2025-09-21,46700.0,47800.0,100
MLBL,2025-09-21,348.9,382.6,67152
KMCDB,2025-09-21,981.0,1035.42,4335
FMDBL,2025-09-21,761.5,818.21,67376
UNHPL,2025-09-21,425.0,451.83,426566
SCB,2025-09-21,594.9,618.27,74579
RMF2,2025-09-21,9.02,9.0,29330
BBC,2025-09-21,4657.4,4959.28,1536
ACLBSL,2025-09-21,955.0,1029.09,4204
SBID89,2025-09-21,1090.0,1080.0,80
GBBLPO,2025-09-21,200.0,200.0,19710
SLBBL,2025-09-21,860.0,903.33,11194
CHL,2025-09-21,227.0,241.01,64414
NABBC,2025-09-21,674.0,738.86,35484
MERO,2025-09-21,790.7,810.88,17438
NBF2,2025-09-21,9.23,9.56,16015
GUFL,2025-09-21,465.5,499.45,17352
NWCL,2025-09-21,755.0,811.27,6014
MCHL,2025-09-21,450.4,502.9,10060
NLIC,2025-09-21,710.0,759.45,69030
SFCL,2025-09-21,423.0,438.9,36684
NIBSF2,2025-09-21,9.15,8.83,3600
SWBBL,2025-09-21,758.0,817.02,9601
RSDC,2025-09-21,625.0,655.47,28227
SHL,2025-09-21,480.2,517.6,89896
CBBL,2025-09-21,906.5,995.7,50218
NGPL,2025-09-21,364.0,390.84,327992
SAGF,2025-09-21,9.45,9.3,59989
TRH,2025-09-21,879.3,853.48,18553
GVL,2025-09-21,480.2,517.22,73505
SAHAS,2025-09-21,580.0,628.03,180905
HIMSTAR,2025-09-21,465.0,520.8,2380
SMHL,2025-09-21,848.0,878.02,34047
PMLI,2025-09-21,445.0,473.46,21012
ANLB,2025-09-21,6105.6,6101.66,1770
NMB50,2025-09-21,10.0,10.1,139840
JSLBB,2025-09-21,1187.0,1199.5,558
BHL,2025-09-21,164.0,183.7,300743
ICFCD88,2025-09-21,1083.0,1100.0,300
MHNL,2025-09-21,235.0,250.21,36838
PRIN,2025-09-21,709.0,691.95,38865
SLCF,2025-09-21,8.91,9.04,96850
SAND2085,2025-09-21,1100.0,1100.0,75
ALICL,2025-09-21,453.6,480.46,42312
ADBLD83,2025-09-21,1073.0,1100.0,800
MLBBL,2025-09-21,1477.0,1496.27,2505
STC,2025-09-21,4947.0,5301.06,3741
NIL,2025-09-21,621.4,605.0,63302
HHL,2025-09-21,315.0,345.64,60882
TAMOR,2025-09-21,469.0,491.3,29715
LUK,2025-09-21,9.39,9.16,20258
GMLI,2025-09-21,1909.2,1991.62,143072
GBILD86/87,2025-09-21,1063.0,1063.0,75
PPL,2025-09-21,287.5,297.21,46421
PURE,2025-09-21,710.0,768.95,11699
GBBL,2025-09-21,395.0,422.61,52934
HRL,2025-09-21,860.5,874.55,563832
ADBL,2025-09-21,293.0,317.01,67958
NICL,2025-09-21,539.0,532.18,49348
NLICL,2025-09-21,550.0,578.66,18405
NIBLGF,2025-09-21,8.51,8.61,19500
LVF2,2025-09-21,9.0,9.33,1420
NRM,2025-09-21,416.5,436.61,94945
UHEWA,2025-09-21,556.0,553.32,20700
SHPC,2025-09-21,491.1,534.13,146454
NFS,2025-09-21,605.0,660.01,32534
IHL,2025-09-21,513.0,533.7,11975
SHINE,2025-09-21,390.0,415.7,63790
UAIL,2025-09-21,453.0,456.75,69922
SNLI,2025-09-21,420.0,444.56,37371
SADBL,2025-09-21,392.0,413.99,119080
NMBHF2,2025-09-21,8.82,8.76,46422
NMB,2025-09-21,239.0,245.9,103111
SPDL,2025-09-21,362.4,392.26,142092
SALICO,2025-09-21,615.0,595.73,23182
NRIC,2025-09-21,1439.4,1470.67,599089
GMFBS,2025-09-21,1571.0,1610.0,1717
GIBF1,2025-09-21,9.48,9.38,8879
ULHC,2025-09-21,429.1,456.38,11978
VLUCL,2025-09-21,517.1,530.72,16432
SLBSL,2025-09-21,1465.0,1499.19,22237
SANIMA,2025-09-21,342.0,337.34,487319
KBLD86,2025-09-21,1129.1,1107.2,2
NIMBPO,2025-09-21,160.1,165.5,5540
PCBL,2025-09-21,234.0,245.26,85682
SIGS3,2025-09-21,9.1,9.2,145603
MEL,2025-09-21,275.0,289.0,20304
NABIL,2025-09-21,474.0,510.18,122490
JBLB,2025-09-21,1310.0,1396.61,15706
EBLD91,2025-09-21,995.0,1011.1,338
CREST,2025-09-21,985.2,1049.41,16736
UMHL,2025-09-18,565.0,542.0,33750
NIFRA,2025-09-18,264.7,254.0,40702
MAKAR,2025-09-18,555.0,552.0,1790
PHCL,2025-09-18,381.0,373.4,215
RHPL,2025-09-18,278.5,278.5,110
NADEP,2025-09-18,766.2,751.0,116
JBLB,2025-09-18,1390.0,1314.0,2292
MLBL,2025-09-18,376.6,356.0,12211
LVF2,2025-09-18,9.0,9.0,7000
LLBS,2025-09-18,971.0,988.0,20
NMB50,2025-09-18,9.92,10.0,23000
SADBL,2025-09-18,407.9,398.0,9510
SICL,2025-09-18,712.2,654.2,2150
RAWA,2025-09-18,748.4,748.4,10
RLFL,2025-09-18,445.0,434.0,295
RADHI,2025-09-18,737.1,709.0,32686
PPCL,2025-09-18,308.9,308.9,10
RNLI,2025-09-18,439.5,424.0,2739
UAIL,2025-09-18,502.0,462.0,2614
SRLI,2025-09-18,384.1,363.9,3171
HDHPC,2025-09-18,178.0,165.0,13693
SIGS3,2025-09-18,9.2,9.2,10000
SPDL,2025-09-18,395.0,362.4,9385
RIDI,2025-09-18,221.6,209.0,13460
SLBSL,2025-09-18,1470.0,1470.0,10
NHDL,2025-09-18,653.0,653.0,200
NICLBSL,2025-09-18,564.0,542.0,610
GHL,2025-09-18,212.9,204.6,17852
TTL,2025-09-18,754.0,692.4,4581
NYADI,2025-09-18,391.7,385.0,3220
NTC,2025-09-18,809.1,808.0,3839
USLB,2025-09-18,1883.5,1729.8,336
TRH,2025-09-18,897.2,897.2,50
TAMOR,2025-09-18,486.0,468.1,880
SGIC,2025-09-18,535.5,514.4,307
MANDU,2025-09-18,830.1,782.1,260
ULHC,2025-09-18,441.4,437.0,327
SPIL,2025-09-18,792.0,792.0,488
NMB,2025-09-18,248.0,239.0,75
PMHPL,2025-09-18,340.5,330.0,40
USHEC,2025-09-18,461.4,453.0,60
NMBMF,2025-09-18,663.8,663.8,10
NMFBS,2025-09-18,1243.0,1293.0,1396
GVL,2025-09-18,515.3,490.0,5977
CLI,2025-09-18,447.0,412.0,3632
NLIC,2025-09-18,753.8,710.0,6199
NESDO,2025-09-18,1470.0,1428.1,222
RSDC,2025-09-18,658.3,633.0,1181
LSL,2025-09-18,226.0,219.0,7921
GUFL,2025-09-18,499.6,465.5,2390
FMDBL,2025-09-18,807.3,777.0,4446
AKJCL,2025-09-18,188.0,173.0,12385
KKHC,2025-09-18,230.0,230.0,100
DOLTI,2025-09-18,522.4,522.4,20
CZBIL,2025-09-18,200.5,197.0,3576
UNL,2025-09-18,47043.1,47043.1,10
SMFBS,2025-09-18,1646.4,1646.4,30
SWBBL,2025-09-18,807.0,760.0,976
CKHL,2025-09-18,623.0,611.0,20
LICN,2025-09-18,820.0,773.2,830
NABBC,2025-09-18,675.7,675.7,85
NRN,2025-09-18,1995.0,1846.0,14818
LEC,2025-09-18,206.7,194.0,26821
NIL,2025-09-18,660.0,634.0,33
SONA,2025-09-18,432.8,422.0,16458
UPPER,2025-09-18,180.0,169.1,31896
UNHPL,2025-09-18,454.7,425.0,75284
NMLBBL,2025-09-18,626.2,613.7,80
DDBL,2025-09-18,844.1,812.0,370
MATRI,2025-09-18,977.0,971.0,603
MLBS,2025-09-18,1468.4,1468.4,20
NRIC,2025-09-18,1599.3,1468.7,2922
RFPL,2025-09-18,340.0,315.0,307
PCBL,2025-09-18,244.0,234.0,9387
SHPC,2025-09-18,527.1,500.0,21887
NLG,2025-09-18,773.7,711.0,1272
BHL,2025-09-18,180.5,167.0,40058
PMLI,2025-09-18,481.2,454.0,3190
MHNL,2025-09-18,245.0,235.3,305
WNLB,2025-09-18,1945.4,1906.5,121
NWCL,2025-09-18,825.7,768.4,510
MPFL,2025-09-18,555.0,525.0,920
NGPL,2025-09-18,391.0,364.0,73519
SMPDA,2025-09-18,890.2,872.4,470
EDBL,2025-09-18,600.0,588.0,1303
MNMF1,2025-09-18,8.83,8.83,10000
RHGCL,2025-09-18,254.0,250.0,3638
SHLB,2025-09-18,1780.0,1745.0,40
OMPL,2025-09-18,1166.6,1121.2,90
MSHL,2025-09-18,883.8,877.1,510
RURU,2025-09-18,695.9,650.0,1036
SHEL,2025-09-18,302.1,275.0,79927
MDB,2025-09-18,586.0,575.0,170
OHL,2025-09-18,759.3,700.0,1120
PURE,2025-09-18,770.0,715.0,740
PRVU,2025-09-18,201.3,188.0,20382
SANIMA,2025-09-18,361.0,348.9,24501
MBL,2025-09-18,234.1,225.0,405
PFL,2025-09-18,388.0,385.0,560
SPHL,2025-09-18,507.1,507.1,10
UPCL,2025-09-18,405.0,382.0,81236
MKCL,2025-09-18,1467.1,1435.7,100
SSHL,2025-09-18,170.5,158.5,6734
STC,2025-09-18,5123.0,4850.0,275
SNLI,2025-09-18,445.0,427.4,3142
MNBBL,2025-09-18,430.0,426.0,35074
GLH,2025-09-18,246.0,232.0,4833
TPC,2025-09-18,321.2,311.0,280
UNLB,2025-09-18,1950.2,1968.0,100
SHIVM,2025-09-18,567.5,532.0,70798
NUBL,2025-09-18,744.9,744.9,100
MEN,2025-09-18,602.1,581.0,7035
NHPC,2025-09-18,195.0,178.6,2425
MKHC,2025-09-18,378.5,371.0,1020
NICA,2025-09-18,333.0,314.0,7459
NLICL,2025-09-18,568.2,550.0,1378
DHPL,2025-09-18,278.0,272.5,70
SINDU,2025-09-18,690.0,618.0,1075
SPL,2025-09-18,888.5,872.0,1110
SLBBL,2025-09-18,892.2,857.5,140
PROFL,2025-09-18,467.0,457.7,250
PRIN,2025-09-18,737.9,723.2,250
KPCL,2025-09-18,532.0,501.4,5870
MBLEF,2025-09-18,8.79,8.79,10000
NFS,2025-09-18,633.0,605.0,515
SCB,2025-09-18,619.1,607.0,2917
CGH,2025-09-18,1005.0,888.0,2808
MEHL,2025-09-18,403.0,390.0,320
KDL,2025-09-18,973.4,954.0,40
AHPC,2025-09-18,277.0,268.0,45206
DORDI,2025-09-18,232.1,217.0,8170
HLI,2025-09-18,385.8,362.0,11585
GBIME,2025-09-18,240.1,229.0,27308
HDL,2025-09-18,1342.7,1298.0,31517
JSLBB,2025-09-18,1164.1,1164.1,10
GRDBL,2025-09-18,990.0,950.6,345
HATHY,2025-09-18,981.2,920.0,511
SJCL,2025-09-18,283.4,277.8,1100
MBJC,2025-09-18,295.9,284.5,2202
HIDCLP,2025-09-18,191.0,180.1,35310
SBCF,2025-09-18,9.0,9.0,200
ACLBSL,2025-09-18,996.4,970.0,175
CYCL,2025-09-18,1596.3,1535.0,409
HHL,2025-09-18,338.4,319.0,3276
GFCL,2025-09-18,586.5,550.0,1465
GLBSL,2025-09-18,2018.0,1977.0,40
KMCDB,2025-09-18,1020.7,994.8,110
SBI,2025-09-18,376.9,376.9,50
IHL,2025-09-18,540.23,520.0,510
MKJC,2025-09-18,587.4,553.0,5571
PPL,2025-09-18,293.3,293.3,100
KSBBL,2025-09-18,513.1,490.0,20599
MHL,2025-09-18,479.7,451.6,705
HEI,2025-09-18,560.0,560.0,20
SPC,2025-09-18,488.9,479.2,433
ICFC,2025-09-18,634.6,633.0,225
LBBL,2025-09-18,511.9,499.0,38125
BFC,2025-09-18,455.8,419.8,1986
KBL,2025-09-18,190.5,179.0,136694
SARBTM,2025-09-18,875.0,810.0,2711
SANVI,2025-09-18,590.0,544.0,2090
BHPL,2025-09-18,660.1,660.1,90
JBBL,2025-09-18,320.0,309.0,1502
SGHC,2025-09-18,329.6,329.6,50
ILI,2025-09-18,435.8,411.1,2062
GSY,2025-09-18,8.92,8.92,10000
JFL,2025-09-18,436.0,402.7,1531
MSLB,2025-09-18,1454.3,1454.3,68
GCIL,2025-09-18,467.1,441.0,2850
SIKLES,2025-09-18,691.0,651.0,1330
AHL,2025-09-18,617.0,616.5,90
SALICO,2025-09-18,653.2,627.4,40
HURJA,2025-09-18,217.6,210.0,5403
BNHC,2025-09-18,469.9,462.0,1000
KBSH,2025-09-18,1767.7,1767.7,40
SAHAS,2025-09-18,608.5,590.0,33471
HPPL,2025-09-18,456.7,419.4,7220
NMIC,2025-09-18,1180.1,1080.0,2716
SKBBL,2025-09-18,864.3,813.0,1767
HLBSL,2025-09-18,937.0,937.0,10
BHDC,2025-09-18,550.9,550.9,200
HIDCL,2025-09-18,265.0,250.3,22665
HBL,2025-09-18,196.6,187.0,13981
C30MF,2025-09-18,9.08,9.08,400
SHINE,2025-09-18,410.1,390.0,5171
API,2025-09-18,281.6,260.1,22003
CMF2,2025-09-18,9.34,9.34,3000
SBL,2025-09-18,365.0,364.0,12516
GBBL,2025-09-18,418.0,395.0,1898
CHDC,2025-09-18,2431.2,2245.0,17867
HRL,2025-09-18,965.0,878.0,19092
NABIL,2025-09-18,502.9,483.0,16660
CITY,2025-09-18,574.7,574.7,10
SMATA,2025-09-18,955.5,955.0,1730
AVYAN,2025-09-18,1013.3,1013.3,10
BPCL,2025-09-18,784.3,727.1,13203
BHCL,2025-09-18,449.8,416.0,1814
EBL,2025-09-18,698.0,671.1,17943
BGWT,2025-09-18,864.9,850.0,20
SMB,2025-09-18,2105.1,2105.1,60
CBBL,2025-09-18,993.3,925.0,4342
JOSHI,2025-09-18,272.0,261.0,1370
MMF1,2025-09-18,8.75,8.75,100
MLBBL,2025-09-18,1439.7,1449.0,125
BBC,2025-09-18,4945.5,4566.1,340
FOWAD,2025-09-18,1067.7,1067.6,114
GBLBS,2025-09-18,738.9,724.2,30
MMKJL,2025-09-18,565.0,565.0,10
GIBF1,2025-09-18,9.67,9.67,170
NRM,2025-09-18,438.0,425.0,1505
CREST,2025-09-18,1094.6,1005.3,3065
CIT,2025-09-18,1858.0,1766.0,4074
IGI,2025-09-18,524.7,463.0,722
BNT,2025-09-18,11222.0,11222.0,17
ADBL,2025-09-18,310.9,298.7,3170
CORBL,2025-09-18,1763.9,1763.9,100
GILB,2025-09-18,1225.0,1155.0,1145
MFIL,2025-09-18,655.0,620.5,3452
AKPL,2025-09-18,247.7,238.0,27541
CFCL,2025-09-18,474.0,467.0,60
SMJC,2025-09-18,526.5,526.5,100
ALICL,2025-09-18,462.8,462.8,220
UMRH,2025-09-18,587.7,576.0,110
CHCL,2025-09-18,488.0,464.0,10795
GMFBS,2025-09-18,1560.0,1600.0,90
HIMSTAR,2025-09-18,439.0,473.5,290
NIMB,2025-09-18,201.2,193.0,18981
SJLIC,2025-09-18,418.0,397.0,3847
BARUN,2025-09-18,309.4,298.0,4220
NICL,2025-09-18,578.0,549.0,80
CHL,2025-09-18,242.0,229.0,1169
NBL,2025-09-18,242.0,230.0,10094
SHL,2025-09-18,533.5,489.9,5696
GMFIL,2025-09-18,454.5,454.5,400
MCHL,2025-09-18,459.5,459.5,20
SAPDBL,2025-09-18,761.6,699.4,5569
BEDC,2025-09-18,611.2,577.0,600
VLUCL,2025-09-18,527.6,527.6,300
CIZBD86,2025-09-08,1118.1,1118.1,25
GCIL,2025-09-08,480.0,476.56,18196
MNBBL,2025-09-08,450.0,437.63,86081
HBL,2025-09-08,200.0,200.55,116012
JSLBB,2025-09-08,1198.0,1187.81,798
DHPL,2025-09-08,285.4,283.62,8045
USHL,2025-09-08,720.0,725.11,4440
CYCL,2025-09-08,1641.75,1625.52,1512
GUFL,2025-09-08,520.0,509.72,3726
SADBL,2025-09-08,420.0,416.19,44821
SLBBL,2025-09-08,912.0,910.38,14640
SLBSL,2025-09-08,1493.6,1446.04,10751
NABIL,2025-09-08,515.0,513.15,42962
SCB,2025-09-08,630.1,631.7,12381
HLI,2025-09-08,404.0,393.65,23630
AKJCL,2025-09-08,195.2,191.33,107453
LUK,2025-09-08,9.58,9.21,15301
NBLD85,2025-09-08,1092.0,1092.0,562
SHL,2025-09-08,561.0,544.31,32918
PBD88,2025-09-08,1127.0,1131.0,75
MFLD85,2025-09-08,1105.0,1106.7,25
NMB50,2025-09-08,10.11,10.12,27300
SANIMA,2025-09-08,366.2,365.16,139554
SHLB,2025-09-08,1853.0,1816.3,885
SBD89,2025-09-08,1135.2,1135.1,30
MLBS,2025-09-08,1501.0,1498.33,2165
HDHPC,2025-09-08,185.6,181.46,120363
BEDC,2025-09-08,627.0,623.58,9876
MANDU,2025-09-08,831.0,830.7,615
SCBD,2025-09-08,1130.0,1130.0,112
CHL,2025-09-08,244.7,242.94,27063
NICAD8283,2025-09-08,1050.0,1050.0,400
MBLEF,2025-09-08,9.0,8.96,1500
GSY,2025-09-08,8.9,9.1,6000
AVYAN,2025-09-08,987.0,993.45,4156
IGI,2025-09-08,518.0,514.42,11125
SBI,2025-09-08,386.0,384.49,35408
UNLB,2025-09-08,1976.3,1990.0,620
CORBL,2025-09-08,1791.0,1799.84,2988
USHEC,2025-09-08,463.0,470.78,14307
C30MF,2025-09-08,9.1,9.09,2400
LEC,2025-09-08,217.0,210.85,247967
HHL,2025-09-08,353.0,345.27,26304
BARUN,2025-09-08,328.0,315.7,58850
SBID89,2025-09-08,1081.0,1081.0,25
NMIC,2025-09-08,1235.0,1199.97,29023
FMDBL,2025-09-08,836.0,823.74,27402
RLFL,2025-09-08,456.9,445.6,18095
NICL,2025-09-08,584.3,583.23,8637
SPDL,2025-09-08,396.0,402.65,173738
PSF,2025-09-08,10.45,10.65,110990
RMF2,2025-09-08,9.01,9.19,56650
CFCL,2025-09-08,496.9,483.35,6797
ICFCD88,2025-09-08,1090.0,1105.0,75
UNHPL,2025-09-08,450.0,463.92,527763
NRIC,2025-09-08,1650.0,1631.86,187293
CIZBD90,2025-09-08,1135.0,1135.0,25
NLG,2025-09-08,810.0,789.4,22976
DOLTI,2025-09-08,531.0,532.98,4642
MLBBL,2025-09-08,1451.0,1469.0,1564
NRM,2025-09-08,463.0,446.36,81899
RBBD2088,2025-09-08,1030.0,1040.0,195
GWFD83,2025-09-08,1180.0,1177.0,250
EDBL,2025-09-08,623.0,612.23,71275
EBLD86,2025-09-08,1090.0,1107.0,445
MEHL,2025-09-08,415.1,410.35,12004
SMB,2025-09-08,2169.2,2148.0,692
NUBL,2025-09-08,767.0,760.09,10827
GBILD84/85,2025-09-08,1184.0,1161.0,100
GHL,2025-09-08,224.0,217.18,72321
OHL,2025-09-08,780.0,774.7,12982
ALBSL,2025-09-08,1013.9,1046.39,28748
PRVU,2025-09-08,208.2,205.36,106673
GRDBL,2025-09-08,1031.0,1005.25,28818
RBCLPO,2025-09-08,13189.0,12900.0,310
NABBC,2025-09-08,690.1,689.46,21135
SMFBS,2025-09-08,1724.1,1679.91,1227
MHL,2025-09-08,490.0,479.7,20421
SMJC,2025-09-08,537.0,537.22,13576
PPL,2025-09-08,303.0,299.2,31407
SHEL,2025-09-08,303.2,302.1,255340
NESDO,2025-09-08,1491.2,1486.47,1014
SWBBL,2025-09-08,840.9,823.11,8090
SFCL,2025-09-08,433.0,431.33,7997
CKHL,2025-09-08,635.0,635.66,5287
TSHL,2025-09-08,760.1,736.41,3526
MLBL,2025-09-08,392.5,384.24,40854
SEF,2025-09-08,9.55,9.3,2601
SHINE,2025-09-08,417.1,414.79,28729
GFCL,2025-09-08,615.0,598.4,12328
SONA,2025-09-08,440.0,441.57,37791
AHPC,2025-09-08,287.0,282.24,112714
SGHC,2025-09-08,335.1,336.26,5996
MPFL,2025-09-08,584.0,565.57,5100
MHNL,2025-09-08,242.5,245.13,19219
CHDC,2025-09-08,2534.0,2480.79,22969
NSIF2,2025-09-08,10.03,10.0,95400
VLBS,2025-09-08,793.0,797.28,3158
CBBL,2025-09-08,1027.6,1013.5,31968
DDBL,2025-09-08,861.1,861.27,7329
MLBSL,2025-09-08,2121.9,2075.44,1744
CGH,2025-09-08,1018.9,986.47,28180
LSL,2025-09-08,228.5,230.57,73409
LVF2,2025-09-08,9.11,9.12,1450
SLCF,2025-09-08,9.25,9.09,28200
MHCL,2025-09-08,419.0,411.75,9216
NIL,2025-09-08,694.4,673.46,5441
LLBS,2025-09-08,989.0,984.0,2625
BFC,2025-09-08,484.0,465.09,12021
SIGS2,2025-09-08,9.5,9.25,17950
RFPL,2025-09-08,352.0,346.05,16911
PRSF,2025-09-08,10.23,10.54,500
NIFRAGED,2025-09-08,989.0,1000.0,100
NMFBS,2025-09-08,1260.1,1267.85,2508
MBJC,2025-09-08,299.3,301.86,19539
CLI,2025-09-08,458.5,455.07,21810
KDBY,2025-09-08,9.2,9.2,5050
RHGCL,2025-09-08,267.7,255.45,22434
LICN,2025-09-08,832.0,835.8,6640
PCBL,2025-09-08,254.9,248.64,57987
RMF1,2025-09-08,9.2,9.32,30350
ACLBSL,2025-09-08,1024.0,1016.64,1761
HPPL,2025-09-08,475.1,465.92,44269
SSHL,2025-09-08,176.5,173.88,44868
NLIC,2025-09-08,770.0,769.14,29144
MMF1,2025-09-08,9.94,9.75,318950
BNHC,2025-09-08,486.0,479.46,18318
GBIMESY2,2025-09-08,9.0,9.12,3850
WNLB,2025-09-08,2025.5,1985.06,1656
USLB,2025-09-08,1940.0,1921.9,6556
RIDI,2025-09-08,230.0,226.05,45538
CHCL,2025-09-08,491.5,497.36,27390
SFEF,2025-09-08,9.1,9.23,3400
ANLB,2025-09-08,5960.0,6230.15,1163
ILI,2025-09-08,446.0,444.44,13331
PURE,2025-09-08,787.0,775.87,16677
NICA,2025-09-08,341.0,339.78,51679
SIKLES,2025-09-08,711.7,704.63,10750
PMHPL,2025-09-08,350.6,347.43,68924
NICBF,2025-09-08,9.12,9.12,5000
NICFC,2025-09-08,8.82,9.1,3390
PPCL,2025-09-08,325.0,315.17,13969
GVL,2025-09-08,530.0,525.73,50107
PROFL,2025-09-08,477.1,475.86,9844
NADEP,2025-09-08,789.91,781.81,2428
MBL,2025-09-08,251.9,248.37,133141
CCBD88,2025-09-08,1140.0,1140.0,25
PRIN,2025-09-08,769.0,752.91,8694
CZBIL,2025-09-08,205.2,204.53,50300
STC,2025-09-08,5210.0,5227.49,768
ULBSL,2025-09-08,3621.5,3664.08,1912
FOWAD,2025-09-08,1110.0,1089.42,6342
RSY,2025-09-08,9.1,8.96,1100
UPPER,2025-09-08,186.0,183.24,89359
RADHI,2025-09-08,775.9,752.11,97982
SIGS3,2025-09-08,9.22,9.22,16400
NIMB,2025-09-08,206.0,205.25,83329
SHPC,2025-09-08,551.9,537.84,119782
NGPL,2025-09-08,399.0,397.08,293209
GBBL,2025-09-08,430.1,426.47,56215
GILB,2025-09-08,1255.0,1239.52,9124
VLUCL,2025-09-08,543.9,538.33,2899
JOSHI,2025-09-08,285.0,277.43,12708
GBLBS,2025-09-08,774.0,753.93,4835
SHIVM,2025-09-08,599.0,579.08,205207
TTL,2025-09-08,791.2,769.31,28827
SARBTM,2025-09-08,915.0,891.44,41495
SPL,2025-09-08,930.0,906.56,2823
CREST,2025-09-08,1145.0,1116.91,11607
PHCL,2025-09-08,395.0,388.25,10930
KBL,2025-09-08,197.3,194.38,245866
PBD85,2025-09-08,1067.0,1098.0,804
NYADI,2025-09-08,402.0,399.62,14511
SGIC,2025-09-08,540.0,546.4,14578
SBCF,2025-09-08,9.12,9.12,6800
SPC,2025-09-08,504.24,498.78,9893
MMKJL,2025-09-08,584.0,569.47,4970
ADBL,2025-09-08,320.3,317.16,69424
ULHC,2025-09-08,463.5,450.38,11844
MNMF1,2025-09-08,9.0,9.01,2400
JFL,2025-09-08,442.0,443.26,7414
NRN,2025-09-08,2075.0,2032.64,66954
HLBSL,2025-09-08,955.92,947.94,2038
BBC,2025-09-08,5150.0,5046.38,2459
HEI,2025-09-08,582.0,570.05,10125
NIMBPO,2025-09-08,163.1,162.63,10494
SDBD87,2025-09-08,1080.0,1080.0,25
EBL,2025-09-08,724.0,711.56,90889
NIBLGF,2025-09-08,9.7,9.64,23600
GMFBS,2025-09-08,1565.0,1591.0,263
SICL,2025-09-08,730.1,726.7,6893
CMF2,2025-09-08,9.53,9.53,10400
MEL,2025-09-08,280.0,280.54,13930
MAKAR,2025-09-08,563.1,560.55,4514
NBLD82,2025-09-08,1092.0,1092.0,240
MCHL,2025-09-08,472.5,468.85,4500
NHDL,2025-09-08,680.0,665.57,7889
KDL,2025-09-08,1016.2,993.2,1075
SMPDA,2025-09-08,928.0,908.32,5723
NICGF2,2025-09-08,8.66,8.7,63550
AHL,2025-09-08,601.1,605.05,9453
HIMSTAR,2025-09-08,399.2,430.5,250
NWCL,2025-09-08,865.9,842.52,2816
KBSH,2025-09-08,1850.0,1803.68,520
AKPL,2025-09-08,255.0,252.68,177195
NBF3,2025-09-08,9.06,9.17,93000
NBL,2025-09-08,250.0,246.21,97229
PMLI,2025-09-08,488.0,490.98,5051
ICFC,2025-09-08,656.0,647.52,20383
BHL,2025-09-08,188.7,184.1,122783
GLH,2025-09-08,260.0,250.93,54580
BHPL,2025-09-08,705.0,671.55,5124
UMHL,2025-09-08,570.0,575.49,288366
RAWA,2025-09-08,756.0,733.76,2720
HIDCLP,2025-09-08,198.0,194.79,235015
RURU,2025-09-08,710.0,710.1,7642
BHDC,2025-09-08,575.59,562.12,56150
SWMF,2025-09-08,698.0,692.49,3008
KSBBL,2025-09-08,546.3,523.34,165506
NMBHF2,2025-09-08,8.98,9.0,3390
UHEWA,2025-09-08,567.0,552.48,8191
HURJA,2025-09-08,226.0,221.99,62290
HRL,2025-09-08,1000.0,975.49,223843
DORDI,2025-09-08,239.0,236.75,89699
ADBLD83,2025-09-08,1073.0,1073.0,200
EHPL,2025-09-08,519.5,526.35,1655
SAGF,2025-09-08,9.63,9.3,6370
KSY,2025-09-08,8.83,9.0,900
ALICL,2025-09-08,477.0,472.22,11695
SKBBL,2025-09-08,916.6,881.9,37840
BPCL,2025-09-08,832.0,800.21,124839
CITY,2025-09-08,589.0,586.4,11509
SAMAJ,2025-09-08,2835.0,2771.71,2401
NBLD87,2025-09-08,1090.0,1090.0,50
RSDC,2025-09-08,673.3,671.72,8127
SFMF,2025-09-08,9.59,9.59,16600
SAPDBL,2025-09-08,790.0,777.05,18587
KEF,2025-09-08,8.99,8.94,1300
TAMOR,2025-09-08,491.1,495.78,9936
NIBLSTF,2025-09-08,8.36,8.62,7350
NBF2,2025-09-08,9.63,9.38,68200
SMH,2025-09-08,848.0,816.11,1699
SJLIC,2025-09-08,430.0,426.25,15429
MKHL,2025-09-08,741.8,740.06,2484
NABILD87,2025-09-08,1103.0,1103.0,10
API,2025-09-08,286.1,287.28,104913
SMATA,2025-09-08,951.0,974.97,18279
MSLB,2025-09-08,1419.1,1483.93,3210
NIBSF2,2025-09-08,9.42,9.33,29700
SRLI,2025-09-08,395.0,391.87,16769
OMPL,2025-09-08,1210.4,1190.38,9148
SMHL,2025-09-08,888.0,865.27,25275
GMLI,2025-09-08,1941.0,1948.15,2802
GBBD85,2025-09-08,1082.2,1092.0,1100
SPIL,2025-09-08,815.0,808.09,3496
NMBMF,2025-09-08,678.51,677.29,826
BHCL,2025-09-08,470.0,458.92,53608
LBLD86,2025-09-08,1120.0,1120.0,25
UNL,2025-09-08,48000.0,48003.1,23
EBLD91,2025-09-08,1020.0,1010.66,120
GIBF1,2025-09-08,11.22,11.06,16200
SALICO,2025-09-08,669.6,666.53,4409
KPCL,2025-09-08,545.3,542.52,41305
HIDCL,2025-09-08,270.7,270.26,127024
SIFC,2025-09-08,496.0,500.99,7123
DLBS,2025-09-08,1395.0,1412.0,3997
ENL,2025-09-08,989.0,970.58,1230
HEIP,2025-09-08,373.0,367.8,3655
CIT,2025-09-08,1906.0,1895.86,12339
TPC,2025-09-08,326.1,327.66,6010
ILBS,2025-09-08,1218.0,1226.21,15587
SPHL,2025-09-08,521.0,517.38,8420
BGWT,2025-09-08,890.0,882.5,4635
MATRI,2025-09-08,996.0,996.32,1100
NMLBBL,2025-09-08,647.0,638.92,10594
LBBL,2025-09-08,519.0,522.27,126211
H8020,2025-09-08,11.9,12.18,121700
SINDU,2025-09-08,700.0,686.67,9779
NCCD86,2025-09-08,1100.0,1137.37,1318
NLICL,2025-09-08,574.9,579.76,17728
KKHC,2025-09-08,235.0,226.39,13390
BNT,2025-09-08,11550.0,11451.0,93
UMRH,2025-09-08,590.0,576.23,17919
RBCL,2025-09-08,16000.0,15885.95,399
UAIL,2025-09-08,524.5,512.12,11362
KMCDB,2025-09-08,1040.0,1041.48,3037
NIFRA,2025-09-08,270.0,270.01,129415
HATHY,2025-09-08,1058.9,1001.19,12715
NTC,2025-09-08,825.0,825.52,20280
MFIL,2025-09-08,674.0,668.05,16576
NICLBSL,2025-09-08,571.0,575.05,8069
MDB,2025-09-08,609.0,597.88,28149
MKJC,2025-09-08,588.0,599.29,170218
NFS,2025-09-08,632.4,632.92,14762
MKCL,2025-09-08,1506.0,1497.0,9452
HDL,2025-09-08,1417.6,1370.04,105991
SANVI,2025-09-08,620.0,599.19,23406
JBBL,2025-09-08,329.0,325.4,33068
TRH,2025-09-08,918.5,915.47,2160
NHPC,2025-09-08,200.1,198.39,58381
MSHL,2025-09-08,890.0,901.83,6189
IHL,2025-09-08,533.5,540.23,5764
RHPL,2025-09-08,281.3,284.14,23581
JBLB,2025-09-08,1410.0,1416.89,8754
MERO,2025-09-08,828.0,806.8,10562
NMB,2025-09-08,247.5,245.86,37696
UPCL,2025-09-08,400.7,412.82,564543
MKHC,2025-09-08,395.0,386.21,22153
SNLI,2025-09-08,457.47,453.98,13962
GBIME,2025-09-08,250.0,244.98,130659
TVCL,2025-09-08,436.7,436.33,4646
GMFIL,2025-09-08,474.0,463.7,6559
SJCL,2025-09-08,288.0,289.11,12806
GLBSL,2025-09-08,2072.1,2017.92,1133
MEN,2025-09-08,618.0,614.37,121669
SBL,2025-09-08,372.0,372.25,132615
RNLI,2025-09-08,451.0,448.43,34612
SAHAS,2025-09-08,635.0,620.77,139590
NICSF,2025-09-08,8.81,8.89,12400
PFL,2025-09-08,397.0,393.0,11908
